-- Generated by monitoring/scripts/dump_demo_data.py
-- itsm demo seed — snapshot of live DB business data.
-- Env-gated: only applied when SEED_DEMO_DATA=1 at migration time.
-- Idempotent: ON CONFLICT DO NOTHING on all inserts.
-- FK safety: tables are emitted in parent→child order so ON CONFLICT skips
-- are safe even when partial imports are re-run.

SET client_encoding = 'UTF8';

BEGIN;

-- ── itsm_workspaces (2 rows) ─────────────────────────
INSERT INTO public.itsm_workspaces (id, name, slug, description, icon_url, settings, is_default, created_by, created_at, archived_at) VALUES ('01JDEFAULTWORKSPACE0000000', '전사 공통', 'default', '모든 사용자의 기본 워크스페이스', NULL, '{}', true, NULL, '2026-04-24 02:25:16.30859+00', NULL) ON CONFLICT (id) DO NOTHING;
INSERT INTO public.itsm_workspaces (id, name, slug, description, icon_url, settings, is_default, created_by, created_at, archived_at) VALUES ('01KPYVQMZAZ0GMR8A3AWJ6KPD8', '제품팀', 'product-dev', '솔루션사업본부 > 제품사업그룹 > 제품팀', NULL, '{}', false, 5, '2026-04-24 04:24:56.700165+00', NULL) ON CONFLICT (id) DO NOTHING;

-- ── itsm_workspace_members (10 rows) ─────────────────────────
INSERT INTO public.itsm_workspace_members (id, workspace_id, user_id, role, is_default, joined_at) VALUES ('01JDEFAU000000000000000007', '01JDEFAULTWORKSPACE0000000', 7, 'ws_member', true, '2026-04-24 02:25:16.470693+00') ON CONFLICT (id) DO NOTHING;
INSERT INTO public.itsm_workspace_members (id, workspace_id, user_id, role, is_default, joined_at) VALUES ('01JDEFAU000000000000000008', '01JDEFAULTWORKSPACE0000000', 8, 'ws_member', true, '2026-04-24 02:25:16.470693+00') ON CONFLICT (id) DO NOTHING;
INSERT INTO public.itsm_workspace_members (id, workspace_id, user_id, role, is_default, joined_at) VALUES ('01JDEFAU000000000000000009', '01JDEFAULTWORKSPACE0000000', 9, 'ws_member', true, '2026-04-24 02:25:16.470693+00') ON CONFLICT (id) DO NOTHING;
INSERT INTO public.itsm_workspace_members (id, workspace_id, user_id, role, is_default, joined_at) VALUES ('01JDEFAU000000000000000017', '01JDEFAULTWORKSPACE0000000', 17, 'ws_member', true, '2026-04-24 02:25:16.470693+00') ON CONFLICT (id) DO NOTHING;
INSERT INTO public.itsm_workspace_members (id, workspace_id, user_id, role, is_default, joined_at) VALUES ('01JDEFAU000000000000000018', '01JDEFAULTWORKSPACE0000000', 18, 'ws_member', true, '2026-04-24 02:25:16.470693+00') ON CONFLICT (id) DO NOTHING;
INSERT INTO public.itsm_workspace_members (id, workspace_id, user_id, role, is_default, joined_at) VALUES ('01JDEFAU000000000000000019', '01JDEFAULTWORKSPACE0000000', 19, 'ws_member', true, '2026-04-24 02:25:16.470693+00') ON CONFLICT (id) DO NOTHING;
INSERT INTO public.itsm_workspace_members (id, workspace_id, user_id, role, is_default, joined_at) VALUES ('01JDEFAU000000000000000020', '01JDEFAULTWORKSPACE0000000', 20, 'ws_member', true, '2026-04-24 02:25:16.470693+00') ON CONFLICT (id) DO NOTHING;
INSERT INTO public.itsm_workspace_members (id, workspace_id, user_id, role, is_default, joined_at) VALUES ('01JDEFAU000000000000000006', '01JDEFAULTWORKSPACE0000000', 6, 'ws_member', true, '2026-04-24 02:25:16.470693+00') ON CONFLICT (id) DO NOTHING;
INSERT INTO public.itsm_workspace_members (id, workspace_id, user_id, role, is_default, joined_at) VALUES ('01JDEFAU000000000000000005', '01JDEFAULTWORKSPACE0000000', 5, 'ws_member', true, '2026-04-24 02:25:16.470693+00') ON CONFLICT (id) DO NOTHING;
INSERT INTO public.itsm_workspace_members (id, workspace_id, user_id, role, is_default, joined_at) VALUES ('01KPYVQN79QKN5TWWTAMVBJND7', '01KPYVQMZAZ0GMR8A3AWJ6KPD8', 5, 'ws_admin', false, '2026-04-24 04:24:56.846855+00') ON CONFLICT (id) DO NOTHING;

-- ── itsm_customer (4 rows) ─────────────────────────
INSERT INTO public.itsm_customer (id, code, name, service_type, industry, status, notes, created_at, updated_at, workspace_id) VALUES ('01HCUSTACME000000000000000', 'ACME', 'ACME 주식회사', 'on_premise', '제조업', 'active', '온프레미스 주요 고객. 본사 서울.', '2026-04-21 21:35:34.360584+00', '2026-04-21 21:35:34.360584+00', '01JDEFAULTWORKSPACE0000000') ON CONFLICT (id) DO NOTHING;
INSERT INTO public.itsm_customer (id, code, name, service_type, industry, status, notes, created_at, updated_at, workspace_id) VALUES ('01HCUSTCLOUDCO000000000000', 'CLOUD-CO', '클라우드컴퍼니', 'saas', 'IT 서비스', 'active', 'SaaS 다중 테넌트 이용 고객.', '2026-04-21 21:35:34.360584+00', '2026-04-21 21:35:34.360584+00', '01JDEFAULTWORKSPACE0000000') ON CONFLICT (id) DO NOTHING;
INSERT INTO public.itsm_customer (id, code, name, service_type, industry, status, notes, created_at, updated_at, workspace_id) VALUES ('01HCUSTVINTERNAL0000000000', 'V-INTERNAL', '내부(사내)', 'internal', '내부', 'active', '내부요청(IT지원·인프라·사업부서 내부)용 가상 고객사.', '2026-04-21 21:35:34.360584+00', '2026-04-21 21:35:34.360584+00', '01JDEFAULTWORKSPACE0000000') ON CONFLICT (id) DO NOTHING;
INSERT INTO public.itsm_customer (id, code, name, service_type, industry, status, notes, created_at, updated_at, workspace_id) VALUES ('01HCUSTNEXTCO0000000000000', 'NEXT-CO', '넥스트파트너스', 'partner', '협력사 SI', 'active', '협력사 요청 채널 (KPI 서비스구분 차트 4종 커버용).', '2026-04-21 22:34:42.927343+00', '2026-04-21 22:34:42.927343+00', '01JDEFAULTWORKSPACE0000000') ON CONFLICT (id) DO NOTHING;

-- ── itsm_customer_contact (4 rows) ─────────────────────────
INSERT INTO public.itsm_customer_contact (id, customer_id, name, email, phone, role_title, is_primary, notes, created_at, updated_at) VALUES ('01HCONTACT0ACME00000000000', '01HCUSTACME000000000000000', '김대표', 'ceo@acme.example.com', '02-1000-0001', '대표이사', true, '에스컬레이션 1차 연락처.', '2026-04-21 21:35:34.360584+00', '2026-04-21 21:35:34.360584+00') ON CONFLICT (id) DO NOTHING;
INSERT INTO public.itsm_customer_contact (id, customer_id, name, email, phone, role_title, is_primary, notes, created_at, updated_at) VALUES ('01HCONTACT0CLOUDCO00000000', '01HCUSTCLOUDCO000000000000', '이팀장', 'leader@cloud-co.example.com', '02-2000-0002', '플랫폼팀장', true, 'SaaS 운영/장애 연락 창구.', '2026-04-21 21:35:34.360584+00', '2026-04-21 21:35:34.360584+00') ON CONFLICT (id) DO NOTHING;
INSERT INTO public.itsm_customer_contact (id, customer_id, name, email, phone, role_title, is_primary, notes, created_at, updated_at) VALUES ('01HCONTACT0VINTERNAL000000', '01HCUSTVINTERNAL0000000000', '박매니저', 'pm@vms-solutions.com', '02-3000-0003', 'IT지원 매니저', true, '내부요청 접수/조율 담당.', '2026-04-21 21:35:34.360584+00', '2026-04-21 21:35:34.360584+00') ON CONFLICT (id) DO NOTHING;
INSERT INTO public.itsm_customer_contact (id, customer_id, name, email, phone, role_title, is_primary, notes, created_at, updated_at) VALUES ('01HCONTACT0NEXTCO000000000', '01HCUSTNEXTCO0000000000000', '최상무', 'partner@next-co.example.com', '02-4000-0004', '사업협력임원', true, '파트너사 대표 연락처.', '2026-04-21 22:34:42.927343+00', '2026-04-21 22:34:42.927343+00') ON CONFLICT (id) DO NOTHING;

-- ── itsm_product (4 rows) ─────────────────────────
INSERT INTO public.itsm_product (id, code, name, description, active, created_at, updated_at, workspace_id) VALUES ('01KPRYFP41GR9NBABMRZD4B3NB', 'aps-aleatorik', 'aps-aleatorik', 'aleatorik 기반의 APS', true, '2026-04-21 21:17:34.801386+00', '2026-04-21 21:17:34.801468+00', '01JDEFAULTWORKSPACE0000000') ON CONFLICT (id) DO NOTHING;
INSERT INTO public.itsm_product (id, code, name, description, active, created_at, updated_at, workspace_id) VALUES ('01HPRODVITSM00000000000000', 'V-ITSM', 'v-itsm 업무 루프', 'ITSM 기반 5단계 업무 루프 앱.', true, '2026-04-21 21:35:34.360584+00', '2026-04-21 21:35:34.360584+00', '01JDEFAULTWORKSPACE0000000') ON CONFLICT (id) DO NOTHING;
INSERT INTO public.itsm_product (id, code, name, description, active, created_at, updated_at, workspace_id) VALUES ('01HPRODVPORTAL000000000000', 'V-PORTAL', 'v-platform-portal', '통합 앱 포탈.', true, '2026-04-21 21:35:34.360584+00', '2026-04-21 21:35:34.360584+00', '01JDEFAULTWORKSPACE0000000') ON CONFLICT (id) DO NOTHING;
INSERT INTO public.itsm_product (id, code, name, description, active, created_at, updated_at, workspace_id) VALUES ('01HPRODVBRIDGE000000000000', 'V-BRIDGE', 'v-channel-bridge', 'Slack ↔ Teams 메시지 브리지.', true, '2026-04-21 21:35:34.360584+00', '2026-04-21 21:35:34.360584+00', '01JDEFAULTWORKSPACE0000000') ON CONFLICT (id) DO NOTHING;

-- ── itsm_contract (3 rows) ─────────────────────────
INSERT INTO public.itsm_contract (id, contract_no, customer_id, name, start_date, end_date, sla_tier_id, status, notes, created_at, updated_at, workspace_id) VALUES ('01HCTRCACME202600100000000', 'ACME-2026-001', '01HCUSTACME000000000000000', 'ACME 2026년 연간 유지보수', '2026-01-01', '2026-12-31', '01HSLATIERPLATINUM00000000', 'active', 'Platinum 등급 — 24/7 지원.', '2026-04-21 21:35:34.360584+00', '2026-04-21 21:35:34.360584+00', '01JDEFAULTWORKSPACE0000000') ON CONFLICT (id) DO NOTHING;
INSERT INTO public.itsm_contract (id, contract_no, customer_id, name, start_date, end_date, sla_tier_id, status, notes, created_at, updated_at, workspace_id) VALUES ('01HCTRCCLOUDCO202600000000', 'CLOUD-2026-001', '01HCUSTCLOUDCO000000000000', 'CLOUD-CO 2026년 SaaS 구독', '2026-01-01', '2026-12-31', '01HSLATIERGOLD000000000000', 'active', 'Gold 등급 — 업무시간 내 우선 지원.', '2026-04-21 21:35:34.360584+00', '2026-04-21 21:35:34.360584+00', '01JDEFAULTWORKSPACE0000000') ON CONFLICT (id) DO NOTHING;
INSERT INTO public.itsm_contract (id, contract_no, customer_id, name, start_date, end_date, sla_tier_id, status, notes, created_at, updated_at, workspace_id) VALUES ('01HCTRCINTERNAL20260000000', 'INTERNAL-2026-001', '01HCUSTVINTERNAL0000000000', '사내 내부요청 기본 계약', '2026-01-01', '2030-12-31', '01HSLATIERBRONZE0000000000', 'active', '내부요청용 기본 계약 (Bronze).', '2026-04-21 21:35:34.360584+00', '2026-04-21 21:35:34.360584+00', '01JDEFAULTWORKSPACE0000000') ON CONFLICT (id) DO NOTHING;

-- ── itsm_contract_product (4 rows) ─────────────────────────
INSERT INTO public.itsm_contract_product (contract_id, product_id) VALUES ('01HCTRCACME202600100000000', '01HPRODVITSM00000000000000') ON CONFLICT (contract_id, product_id) DO NOTHING;
INSERT INTO public.itsm_contract_product (contract_id, product_id) VALUES ('01HCTRCACME202600100000000', '01HPRODVPORTAL000000000000') ON CONFLICT (contract_id, product_id) DO NOTHING;
INSERT INTO public.itsm_contract_product (contract_id, product_id) VALUES ('01HCTRCCLOUDCO202600000000', '01HPRODVITSM00000000000000') ON CONFLICT (contract_id, product_id) DO NOTHING;
INSERT INTO public.itsm_contract_product (contract_id, product_id) VALUES ('01HCTRCINTERNAL20260000000', '01HPRODVBRIDGE000000000000') ON CONFLICT (contract_id, product_id) DO NOTHING;

-- ── itsm_ticket (19 rows) ─────────────────────────
INSERT INTO public.itsm_ticket (id, ticket_no, title, description, source_channel, source_ref, priority, category_l1, category_l2, current_stage, requester_id, current_owner_id, sla_policy_id, opened_at, closed_at, reopened_count, created_at, updated_at, service_type, customer_id, product_id, contract_id, workspace_id) VALUES ('01HTK002INTAKE000000000000', 'ITSM-2026-0002', '[접수] 감사로그 조회 요청', '내부 IT팀 요청 — 지난주 권한변경 감사로그 추출.', 'web', NULL, 'normal', '감사', '조회', 'intake', 6, NULL, NULL, '2026-04-21 21:04:42.925341+00', NULL, 0, '2026-04-21 22:34:42.927343+00', '2026-04-21 22:34:42.927343+00', 'internal', '01HCUSTVINTERNAL0000000000', NULL, '01HCTRCINTERNAL20260000000', '01JDEFAULTWORKSPACE0000000') ON CONFLICT (id) DO NOTHING;
INSERT INTO public.itsm_ticket (id, ticket_no, title, description, source_channel, source_ref, priority, category_l1, category_l2, current_stage, requester_id, current_owner_id, sla_policy_id, opened_at, closed_at, reopened_count, created_at, updated_at, service_type, customer_id, product_id, contract_id, workspace_id) VALUES ('01HTK003INTAKE000000000000', 'ITSM-2026-0003', '[접수] 파트너 API 키 재발급', 'NEXT-CO 연동용 API 키 만료 임박. 재발급 요청.', 'email', NULL, 'normal', '연동', '인증키', 'intake', 6, NULL, NULL, '2026-04-21 18:34:42.925341+00', NULL, 0, '2026-04-21 22:34:42.927343+00', '2026-04-21 22:34:42.927343+00', 'partner', '01HCUSTNEXTCO0000000000000', '01HPRODVBRIDGE000000000000', NULL, '01JDEFAULTWORKSPACE0000000') ON CONFLICT (id) DO NOTHING;
INSERT INTO public.itsm_ticket (id, ticket_no, title, description, source_channel, source_ref, priority, category_l1, category_l2, current_stage, requester_id, current_owner_id, sla_policy_id, opened_at, closed_at, reopened_count, created_at, updated_at, service_type, customer_id, product_id, contract_id, workspace_id) VALUES ('01HTK004INTAKE000000000000', 'ITSM-2026-0004', '[접수] SaaS 대시보드 로딩 지연', 'CLOUD-CO 고객이 대시보드 페이지 진입 시 5초 이상 소요 보고.', 'teams', NULL, 'low', '성능', '프론트엔드', 'intake', 6, NULL, NULL, '2026-04-21 21:49:42.925341+00', NULL, 0, '2026-04-21 22:34:42.927343+00', '2026-04-21 22:34:42.927343+00', 'saas', '01HCUSTCLOUDCO000000000000', '01HPRODVITSM00000000000000', '01HCTRCCLOUDCO202600000000', '01JDEFAULTWORKSPACE0000000') ON CONFLICT (id) DO NOTHING;
INSERT INTO public.itsm_ticket (id, ticket_no, title, description, source_channel, source_ref, priority, category_l1, category_l2, current_stage, requester_id, current_owner_id, sla_policy_id, opened_at, closed_at, reopened_count, created_at, updated_at, service_type, customer_id, product_id, contract_id, workspace_id) VALUES ('01HTK006ANALYZE00000000000', 'ITSM-2026-0006', '[분석] 포털 SSO Relay 리디렉션 오류', 'portal → itsm 진입 시 redirect loop 발생.', 'slack', NULL, 'high', '연동', 'SSO', 'analyze', 6, 6, NULL, '2026-04-21 15:34:42.925341+00', NULL, 0, '2026-04-21 22:34:42.927343+00', '2026-04-21 22:34:42.927343+00', 'internal', '01HCUSTVINTERNAL0000000000', '01HPRODVPORTAL000000000000', '01HCTRCINTERNAL20260000000', '01JDEFAULTWORKSPACE0000000') ON CONFLICT (id) DO NOTHING;
INSERT INTO public.itsm_ticket (id, ticket_no, title, description, source_channel, source_ref, priority, category_l1, category_l2, current_stage, requester_id, current_owner_id, sla_policy_id, opened_at, closed_at, reopened_count, created_at, updated_at, service_type, customer_id, product_id, contract_id, workspace_id) VALUES ('01HTK012VERIFY000000000000', 'ITSM-2026-0012', '[검증] 로그인 이상 탐지 룰 검증', '비정상 로그인 탐지 룰 효과 검증 중.', 'web', NULL, 'high', '보안', '탐지', 'verify', 6, 6, NULL, '2026-04-20 06:34:42.925341+00', NULL, 0, '2026-04-21 22:34:42.927343+00', '2026-04-21 22:34:42.927343+00', 'on_premise', '01HCUSTACME000000000000000', '01HPRODVITSM00000000000000', '01HCTRCACME202600100000000', '01JDEFAULTWORKSPACE0000000') ON CONFLICT (id) DO NOTHING;
INSERT INTO public.itsm_ticket (id, ticket_no, title, description, source_channel, source_ref, priority, category_l1, category_l2, current_stage, requester_id, current_owner_id, sla_policy_id, opened_at, closed_at, reopened_count, created_at, updated_at, service_type, customer_id, product_id, contract_id, workspace_id) VALUES ('01HTK014ANSWER000000000000', 'ITSM-2026-0014', '[답변] 고객 대상 패치 공지', 'ACME 고객사에 2026-04 패치 반영 내용 공지.', 'email', NULL, 'normal', '커뮤니케이션', '공지', 'answer', 6, 6, NULL, '2026-04-19 10:34:42.925341+00', NULL, 0, '2026-04-21 22:34:42.927343+00', '2026-04-21 22:34:42.927343+00', 'on_premise', '01HCUSTACME000000000000000', '01HPRODVPORTAL000000000000', '01HCTRCACME202600100000000', '01JDEFAULTWORKSPACE0000000') ON CONFLICT (id) DO NOTHING;
INSERT INTO public.itsm_ticket (id, ticket_no, title, description, source_channel, source_ref, priority, category_l1, category_l2, current_stage, requester_id, current_owner_id, sla_policy_id, opened_at, closed_at, reopened_count, created_at, updated_at, service_type, customer_id, product_id, contract_id, workspace_id) VALUES ('01HTK015ANSWER000000000000', 'ITSM-2026-0015', '[답변] 내부 FAQ 업데이트', '자주 묻는 문의 5건 FAQ 업데이트.', 'web', NULL, 'low', '지식', 'FAQ', 'answer', 6, 6, NULL, '2026-04-20 22:34:42.925341+00', NULL, 0, '2026-04-21 22:34:42.927343+00', '2026-04-21 22:34:42.927343+00', 'internal', '01HCUSTVINTERNAL0000000000', NULL, '01HCTRCINTERNAL20260000000', '01JDEFAULTWORKSPACE0000000') ON CONFLICT (id) DO NOTHING;
INSERT INTO public.itsm_ticket (id, ticket_no, title, description, source_channel, source_ref, priority, category_l1, category_l2, current_stage, requester_id, current_owner_id, sla_policy_id, opened_at, closed_at, reopened_count, created_at, updated_at, service_type, customer_id, product_id, contract_id, workspace_id) VALUES ('01HTK016CLOSED000000000000', 'ITSM-2026-0016', '[종료] 긴급 패치 적용 완료', '보안 패치 적용 후 정상 동작 확인 완료.', 'slack', NULL, 'critical', '보안', '패치', 'closed', 6, 6, NULL, '2026-04-17 22:34:42.925341+00', '2026-04-21 19:34:42.925341+00', 0, '2026-04-21 22:34:42.927343+00', '2026-04-21 22:34:42.927343+00', 'on_premise', '01HCUSTACME000000000000000', '01HPRODVITSM00000000000000', '01HCTRCACME202600100000000', '01JDEFAULTWORKSPACE0000000') ON CONFLICT (id) DO NOTHING;
INSERT INTO public.itsm_ticket (id, ticket_no, title, description, source_channel, source_ref, priority, category_l1, category_l2, current_stage, requester_id, current_owner_id, sla_policy_id, opened_at, closed_at, reopened_count, created_at, updated_at, service_type, customer_id, product_id, contract_id, workspace_id) VALUES ('01HTK017CLOSED000000000000', 'ITSM-2026-0017', '[종료] 알림 설정 가이드 안내', 'CLOUD-CO 담당자에게 알림 설정 안내 완료.', 'teams', NULL, 'normal', '안내', '가이드', 'closed', 6, 6, NULL, '2026-04-18 22:34:42.925341+00', '2026-04-21 21:04:42.925341+00', 0, '2026-04-21 22:34:42.927343+00', '2026-04-21 22:34:42.927343+00', 'saas', '01HCUSTCLOUDCO000000000000', '01HPRODVITSM00000000000000', '01HCTRCCLOUDCO202600000000', '01JDEFAULTWORKSPACE0000000') ON CONFLICT (id) DO NOTHING;
INSERT INTO public.itsm_ticket (id, ticket_no, title, description, source_channel, source_ref, priority, category_l1, category_l2, current_stage, requester_id, current_owner_id, sla_policy_id, opened_at, closed_at, reopened_count, created_at, updated_at, service_type, customer_id, product_id, contract_id, workspace_id) VALUES ('01HTK018CLOSED000000000000', 'ITSM-2026-0018', '[종료·재개] 리포트 누락건 재현 요청', '이전 종료된 건이 고객 요청으로 재오픈되었다가 재종료됨.', 'email', NULL, 'high', '데이터', '리포트', 'closed', 6, 6, NULL, '2026-04-14 22:34:42.925341+00', '2026-04-21 21:34:42.925341+00', 1, '2026-04-21 22:34:42.927343+00', '2026-04-21 22:34:42.927343+00', 'partner', '01HCUSTNEXTCO0000000000000', '01HPRODVBRIDGE000000000000', NULL, '01JDEFAULTWORKSPACE0000000') ON CONFLICT (id) DO NOTHING;
INSERT INTO public.itsm_ticket (id, ticket_no, title, description, source_channel, source_ref, priority, category_l1, category_l2, current_stage, requester_id, current_owner_id, sla_policy_id, opened_at, closed_at, reopened_count, created_at, updated_at, service_type, customer_id, product_id, contract_id, workspace_id) VALUES ('01HTK011EXECUTE00000000000', 'ITSM-2026-0011', '[실행] 파트너 Webhook 재시도 큐', 'NEXT-CO Webhook 실패 시 DLQ + 재시도 주기 구성.', 'email', NULL, 'high', '연동', 'Webhook', 'verify', 6, 6, NULL, '2026-04-20 21:34:42.925341+00', NULL, 0, '2026-04-21 22:34:42.927343+00', '2026-04-22 21:22:32.299681+00', 'partner', '01HCUSTNEXTCO0000000000000', '01HPRODVBRIDGE000000000000', NULL, '01JDEFAULTWORKSPACE0000000') ON CONFLICT (id) DO NOTHING;
INSERT INTO public.itsm_ticket (id, ticket_no, title, description, source_channel, source_ref, priority, category_l1, category_l2, current_stage, requester_id, current_owner_id, sla_policy_id, opened_at, closed_at, reopened_count, created_at, updated_at, service_type, customer_id, product_id, contract_id, workspace_id) VALUES ('01HTK005ANALYZE00000000000', 'ITSM-2026-0005', '[분석] 월말 리포트 생성 실패', '매월 1일 자동 리포트 생성 실패. 원인 분석 중.', 'email', NULL, 'critical', '데이터', '리포트', 'closed', 6, 6, NULL, '2026-04-21 19:34:42.925341+00', '2026-04-22 21:22:47.646821+00', 0, '2026-04-21 22:34:42.927343+00', '2026-04-22 21:22:47.693679+00', 'on_premise', '01HCUSTACME000000000000000', '01HPRODVITSM00000000000000', '01HCTRCACME202600100000000', '01JDEFAULTWORKSPACE0000000') ON CONFLICT (id) DO NOTHING;
INSERT INTO public.itsm_ticket (id, ticket_no, title, description, source_channel, source_ref, priority, category_l1, category_l2, current_stage, requester_id, current_owner_id, sla_policy_id, opened_at, closed_at, reopened_count, created_at, updated_at, service_type, customer_id, product_id, contract_id, workspace_id) VALUES ('01HTK001INTAKE000000000000', 'ITSM-2026-0001', '[접수] 로그인 SSO 간헐적 실패', 'ACME 운영팀에서 SSO 간헐 실패 보고. 재현 조건 확인 필요.', 'slack', NULL, 'high', '인증', 'SSO', 'execute', 6, NULL, NULL, '2026-04-21 22:14:42.925341+00', NULL, 0, '2026-04-21 22:34:42.927343+00', '2026-04-22 21:24:26.952709+00', 'on_premise', '01HCUSTACME000000000000000', '01HPRODVITSM00000000000000', '01HCTRCACME202600100000000', '01JDEFAULTWORKSPACE0000000') ON CONFLICT (id) DO NOTHING;
INSERT INTO public.itsm_ticket (id, ticket_no, title, description, source_channel, source_ref, priority, category_l1, category_l2, current_stage, requester_id, current_owner_id, sla_policy_id, opened_at, closed_at, reopened_count, created_at, updated_at, service_type, customer_id, product_id, contract_id, workspace_id) VALUES ('01HTK008EXECUTE00000000000', 'ITSM-2026-0008', '[실행] 감사로그 인덱스 최적화', 'audit_logs 테이블 조회 속도 개선을 위한 복합 인덱스 추가.', 'web', NULL, 'high', 'DB', '인덱스', 'execute', 6, 6, NULL, '2026-04-21 02:34:42.925341+00', NULL, 0, '2026-04-21 22:34:42.927343+00', '2026-04-22 21:42:03.989122+00', 'on_premise', '01HCUSTACME000000000000000', '01HPRODVITSM00000000000000', '01HCTRCACME202600100000000', '01JDEFAULTWORKSPACE0000000') ON CONFLICT (id) DO NOTHING;
INSERT INTO public.itsm_ticket (id, ticket_no, title, description, source_channel, source_ref, priority, category_l1, category_l2, current_stage, requester_id, current_owner_id, sla_policy_id, opened_at, closed_at, reopened_count, created_at, updated_at, service_type, customer_id, product_id, contract_id, workspace_id) VALUES ('01KPSXEWVHTMQY22NTW66TVE88', 'ITSM-2026-000002', '티켓 직접 등록 테스트 - 1', '# **티켓 직접 등록 테스트 - 1**

등록 테스트 합니다.

이미지 등록.

![image.png](/api/uploads/images/f8fa4636b44442efb1a108662ca8ae71)', 'web', NULL, 'normal', NULL, NULL, 'answer', 5, NULL, NULL, '2026-04-22 06:18:54.740669+00', NULL, 0, '2026-04-22 06:18:54.740678+00', '2026-04-22 21:45:55.685887+00', 'internal', NULL, NULL, NULL, '01JDEFAULTWORKSPACE0000000') ON CONFLICT (id) DO NOTHING;
INSERT INTO public.itsm_ticket (id, ticket_no, title, description, source_channel, source_ref, priority, category_l1, category_l2, current_stage, requester_id, current_owner_id, sla_policy_id, opened_at, closed_at, reopened_count, created_at, updated_at, service_type, customer_id, product_id, contract_id, workspace_id) VALUES ('01HTK010EXECUTE00000000000', 'ITSM-2026-0010', '[실행] 내부 스크립트 배치 재구성', '야간 ETL 스크립트 실패율 감소를 위한 재시도 전략 반영.', 'web', NULL, 'low', '운영', '배치', 'answer', 6, 6, NULL, '2026-04-21 07:34:42.925341+00', NULL, 0, '2026-04-21 22:34:42.927343+00', '2026-04-22 22:00:46.629943+00', 'internal', '01HCUSTVINTERNAL0000000000', NULL, '01HCTRCINTERNAL20260000000', '01JDEFAULTWORKSPACE0000000') ON CONFLICT (id) DO NOTHING;
INSERT INTO public.itsm_ticket (id, ticket_no, title, description, source_channel, source_ref, priority, category_l1, category_l2, current_stage, requester_id, current_owner_id, sla_policy_id, opened_at, closed_at, reopened_count, created_at, updated_at, service_type, customer_id, product_id, contract_id, workspace_id) VALUES ('01HTK013VERIFY000000000000', 'ITSM-2026-0013', '[검증] 모바일 레이아웃 QA', '모바일 해상도 변경 사항 QA 스모크 테스트.', 'slack', NULL, 'normal', 'UI', 'QA', 'answer', 6, 6, NULL, '2026-04-20 16:34:42.925341+00', NULL, 0, '2026-04-21 22:34:42.927343+00', '2026-04-23 02:24:08.534131+00', 'saas', '01HCUSTCLOUDCO000000000000', '01HPRODVITSM00000000000000', '01HCTRCCLOUDCO202600000000', '01JDEFAULTWORKSPACE0000000') ON CONFLICT (id) DO NOTHING;
INSERT INTO public.itsm_ticket (id, ticket_no, title, description, source_channel, source_ref, priority, category_l1, category_l2, current_stage, requester_id, current_owner_id, sla_policy_id, opened_at, closed_at, reopened_count, created_at, updated_at, service_type, customer_id, product_id, contract_id, workspace_id) VALUES ('01HTK009EXECUTE00000000000', 'ITSM-2026-0009', '[실행] 알림 채널 Teams 추가', 'v-channel-bridge 경유 Teams 채널 알림 라우팅 추가.', 'teams', NULL, 'normal', '알림', '채널', 'analyze', 6, 6, NULL, '2026-04-19 22:34:42.925341+00', NULL, 0, '2026-04-21 22:34:42.927343+00', '2026-04-23 02:24:28.296621+00', 'saas', '01HCUSTCLOUDCO000000000000', '01HPRODVITSM00000000000000', '01HCTRCCLOUDCO202600000000', '01JDEFAULTWORKSPACE0000000') ON CONFLICT (id) DO NOTHING;
INSERT INTO public.itsm_ticket (id, ticket_no, title, description, source_channel, source_ref, priority, category_l1, category_l2, current_stage, requester_id, current_owner_id, sla_policy_id, opened_at, closed_at, reopened_count, created_at, updated_at, service_type, customer_id, product_id, contract_id, workspace_id) VALUES ('01HTK007ANALYZE00000000000', 'ITSM-2026-0007', '[분석] 채팅 브리지 Slack → Teams 지연', 'Slack 메시지가 Teams 채널로 전달되는데 2~3분 지연.', 'slack', NULL, 'normal', '브리지', '전송', 'analyze', 6, 6, NULL, '2026-04-21 10:34:42.925341+00', NULL, 0, '2026-04-21 22:34:42.927343+00', '2026-04-23 02:24:44.345462+00', 'partner', '01HCUSTNEXTCO0000000000000', '01HPRODVBRIDGE000000000000', NULL, '01JDEFAULTWORKSPACE0000000') ON CONFLICT (id) DO NOTHING;

-- ── itsm_assignment (14 rows) ─────────────────────────
INSERT INTO public.itsm_assignment (id, ticket_id, owner_id, role, assigned_at, released_at, workspace_id) VALUES ('01HTK005ANALYZEAS000000000', '01HTK005ANALYZE00000000000', 6, 'primary', '2026-04-21 19:39:42.925341+00', NULL, '01JDEFAULTWORKSPACE0000000') ON CONFLICT (id) DO NOTHING;
INSERT INTO public.itsm_assignment (id, ticket_id, owner_id, role, assigned_at, released_at, workspace_id) VALUES ('01HTK006ANALYZEAS000000000', '01HTK006ANALYZE00000000000', 6, 'primary', '2026-04-21 15:39:42.925341+00', NULL, '01JDEFAULTWORKSPACE0000000') ON CONFLICT (id) DO NOTHING;
INSERT INTO public.itsm_assignment (id, ticket_id, owner_id, role, assigned_at, released_at, workspace_id) VALUES ('01HTK007ANALYZEAS000000000', '01HTK007ANALYZE00000000000', 6, 'primary', '2026-04-21 10:39:42.925341+00', NULL, '01JDEFAULTWORKSPACE0000000') ON CONFLICT (id) DO NOTHING;
INSERT INTO public.itsm_assignment (id, ticket_id, owner_id, role, assigned_at, released_at, workspace_id) VALUES ('01HTK008EXECUTEAS000000000', '01HTK008EXECUTE00000000000', 6, 'primary', '2026-04-21 02:39:42.925341+00', NULL, '01JDEFAULTWORKSPACE0000000') ON CONFLICT (id) DO NOTHING;
INSERT INTO public.itsm_assignment (id, ticket_id, owner_id, role, assigned_at, released_at, workspace_id) VALUES ('01HTK009EXECUTEAS000000000', '01HTK009EXECUTE00000000000', 6, 'primary', '2026-04-19 22:39:42.925341+00', NULL, '01JDEFAULTWORKSPACE0000000') ON CONFLICT (id) DO NOTHING;
INSERT INTO public.itsm_assignment (id, ticket_id, owner_id, role, assigned_at, released_at, workspace_id) VALUES ('01HTK010EXECUTEAS000000000', '01HTK010EXECUTE00000000000', 6, 'primary', '2026-04-21 07:39:42.925341+00', NULL, '01JDEFAULTWORKSPACE0000000') ON CONFLICT (id) DO NOTHING;
INSERT INTO public.itsm_assignment (id, ticket_id, owner_id, role, assigned_at, released_at, workspace_id) VALUES ('01HTK011EXECUTEAS000000000', '01HTK011EXECUTE00000000000', 6, 'primary', '2026-04-20 21:39:42.925341+00', NULL, '01JDEFAULTWORKSPACE0000000') ON CONFLICT (id) DO NOTHING;
INSERT INTO public.itsm_assignment (id, ticket_id, owner_id, role, assigned_at, released_at, workspace_id) VALUES ('01HTK012VERIFYAS0000000000', '01HTK012VERIFY000000000000', 6, 'primary', '2026-04-20 06:39:42.925341+00', NULL, '01JDEFAULTWORKSPACE0000000') ON CONFLICT (id) DO NOTHING;
INSERT INTO public.itsm_assignment (id, ticket_id, owner_id, role, assigned_at, released_at, workspace_id) VALUES ('01HTK013VERIFYAS0000000000', '01HTK013VERIFY000000000000', 6, 'primary', '2026-04-20 16:39:42.925341+00', NULL, '01JDEFAULTWORKSPACE0000000') ON CONFLICT (id) DO NOTHING;
INSERT INTO public.itsm_assignment (id, ticket_id, owner_id, role, assigned_at, released_at, workspace_id) VALUES ('01HTK014ANSWERAS0000000000', '01HTK014ANSWER000000000000', 6, 'primary', '2026-04-19 10:39:42.925341+00', NULL, '01JDEFAULTWORKSPACE0000000') ON CONFLICT (id) DO NOTHING;
INSERT INTO public.itsm_assignment (id, ticket_id, owner_id, role, assigned_at, released_at, workspace_id) VALUES ('01HTK015ANSWERAS0000000000', '01HTK015ANSWER000000000000', 6, 'primary', '2026-04-20 22:39:42.925341+00', NULL, '01JDEFAULTWORKSPACE0000000') ON CONFLICT (id) DO NOTHING;
INSERT INTO public.itsm_assignment (id, ticket_id, owner_id, role, assigned_at, released_at, workspace_id) VALUES ('01HTK016CLOSEDAS0000000000', '01HTK016CLOSED000000000000', 6, 'primary', '2026-04-17 22:39:42.925341+00', NULL, '01JDEFAULTWORKSPACE0000000') ON CONFLICT (id) DO NOTHING;
INSERT INTO public.itsm_assignment (id, ticket_id, owner_id, role, assigned_at, released_at, workspace_id) VALUES ('01HTK017CLOSEDAS0000000000', '01HTK017CLOSED000000000000', 6, 'primary', '2026-04-18 22:39:42.925341+00', NULL, '01JDEFAULTWORKSPACE0000000') ON CONFLICT (id) DO NOTHING;
INSERT INTO public.itsm_assignment (id, ticket_id, owner_id, role, assigned_at, released_at, workspace_id) VALUES ('01HTK018CLOSEDAS0000000000', '01HTK018CLOSED000000000000', 6, 'primary', '2026-04-14 22:39:42.925341+00', NULL, '01JDEFAULTWORKSPACE0000000') ON CONFLICT (id) DO NOTHING;

-- ── itsm_loop_transition (79 rows) ─────────────────────────
INSERT INTO public.itsm_loop_transition (id, ticket_id, from_stage, to_stage, action, actor_id, note, artifacts, transitioned_at, deleted_at, deleted_by, last_edited_at, last_edited_by, edit_count, head_revision_id, workspace_id) VALUES ('01KPVJ92DT0NCRMF33MC7K75S3', '01HTK008EXECUTE00000000000', 'execute', 'verify', 'advance', 5, NULL, 'null', '2026-04-22 21:41:58.339573+00', NULL, NULL, NULL, NULL, 0, '01KPVJPDQ87W7974G4BV27E317', '01JDEFAULTWORKSPACE0000000') ON CONFLICT (id) DO NOTHING;
INSERT INTO public.itsm_loop_transition (id, ticket_id, from_stage, to_stage, action, actor_id, note, artifacts, transitioned_at, deleted_at, deleted_by, last_edited_at, last_edited_by, edit_count, head_revision_id, workspace_id) VALUES ('01KPVJ97Y3530N126J6503Y31J', '01HTK008EXECUTE00000000000', 'verify', 'execute', 'rollback', 5, NULL, 'null', '2026-04-22 21:42:03.975011+00', NULL, NULL, NULL, NULL, 0, '01KPVJPDQX49RY0WK6M4XTBJAF', '01JDEFAULTWORKSPACE0000000') ON CONFLICT (id) DO NOTHING;
INSERT INTO public.itsm_loop_transition (id, ticket_id, from_stage, to_stage, action, actor_id, note, artifacts, transitioned_at, deleted_at, deleted_by, last_edited_at, last_edited_by, edit_count, head_revision_id, workspace_id) VALUES ('01KPVJ9GT4J2BP2MZPGKWZBHDP', '01HTK009EXECUTE00000000000', 'verify', 'execute', 'rollback', 5, NULL, 'null', '2026-04-22 21:42:13.06136+00', NULL, NULL, NULL, NULL, 0, '01KPVJPDR2A1X6Y9BG04QZTT0W', '01JDEFAULTWORKSPACE0000000') ON CONFLICT (id) DO NOTHING;
INSERT INTO public.itsm_loop_transition (id, ticket_id, from_stage, to_stage, action, actor_id, note, artifacts, transitioned_at, deleted_at, deleted_by, last_edited_at, last_edited_by, edit_count, head_revision_id, workspace_id) VALUES ('01KPVJ9MW2N11180H6925Y2JKM', '01HTK013VERIFY000000000000', 'verify', 'execute', 'rollback', 5, NULL, 'null', '2026-04-22 21:42:17.219342+00', NULL, NULL, NULL, NULL, 0, '01KPVJPDR7NQ3RJBKW206WT4G4', '01JDEFAULTWORKSPACE0000000') ON CONFLICT (id) DO NOTHING;
INSERT INTO public.itsm_loop_transition (id, ticket_id, from_stage, to_stage, action, actor_id, note, artifacts, transitioned_at, deleted_at, deleted_by, last_edited_at, last_edited_by, edit_count, head_revision_id, workspace_id) VALUES ('01KPVJGA0XN9YWX48P6FZNP3NS', '01KPSXEWVHTMQY22NTW66TVE88', 'verify', 'answer', 'advance', 5, NULL, 'null', '2026-04-22 21:45:55.605627+00', NULL, NULL, NULL, NULL, 0, '01KPVJPDREQ6ZMM7561AV5W4C9', '01JDEFAULTWORKSPACE0000000') ON CONFLICT (id) DO NOTHING;
INSERT INTO public.itsm_loop_transition (id, ticket_id, from_stage, to_stage, action, actor_id, note, artifacts, transitioned_at, deleted_at, deleted_by, last_edited_at, last_edited_by, edit_count, head_revision_id, workspace_id) VALUES ('01KPVK27N84PHQ7KSJ9XYXZNVK', '01HTK013VERIFY000000000000', 'verify', 'execute', 'rollback', 5, 'Kanban UI 되돌리기', 'null', '2026-04-22 21:55:42.88973+00', NULL, NULL, NULL, NULL, 0, '01KPW4QH5HGJCTFR9RHSX7STVW', '01JDEFAULTWORKSPACE0000000') ON CONFLICT (id) DO NOTHING;
INSERT INTO public.itsm_loop_transition (id, ticket_id, from_stage, to_stage, action, actor_id, note, artifacts, transitioned_at, deleted_at, deleted_by, last_edited_at, last_edited_by, edit_count, head_revision_id, workspace_id) VALUES ('01KPVK2JMK5EPZ6YMVVXF6G086', '01HTK013VERIFY000000000000', 'execute', 'verify', 'advance', 5, NULL, 'null', '2026-04-22 21:55:54.132618+00', NULL, NULL, NULL, NULL, 0, '01KPW4QH7MBZB74JVAX9752HMR', '01JDEFAULTWORKSPACE0000000') ON CONFLICT (id) DO NOTHING;
INSERT INTO public.itsm_loop_transition (id, ticket_id, from_stage, to_stage, action, actor_id, note, artifacts, transitioned_at, deleted_at, deleted_by, last_edited_at, last_edited_by, edit_count, head_revision_id, workspace_id) VALUES ('01KPVK2NDSRY11VNWZM33TDH2Z', '01HTK013VERIFY000000000000', 'verify', 'execute', 'rollback', 5, 'Kanban UI 되돌리기', 'null', '2026-04-22 21:55:56.98577+00', NULL, NULL, NULL, NULL, 0, '01KPW4QH7SBB2RCJW13DSJVXQN', '01JDEFAULTWORKSPACE0000000') ON CONFLICT (id) DO NOTHING;
INSERT INTO public.itsm_loop_transition (id, ticket_id, from_stage, to_stage, action, actor_id, note, artifacts, transitioned_at, deleted_at, deleted_by, last_edited_at, last_edited_by, edit_count, head_revision_id, workspace_id) VALUES ('01KPVKAZNF4GX5WWG8B3VZJKG2', '01HTK007ANALYZE00000000000', 'verify', 'execute', 'rollback', 5, NULL, 'null', '2026-04-22 22:00:29.616665+00', NULL, NULL, NULL, NULL, 0, '01KPW4QH7YYRM8XZE4HSRMTN7S', '01JDEFAULTWORKSPACE0000000') ON CONFLICT (id) DO NOTHING;
INSERT INTO public.itsm_loop_transition (id, ticket_id, from_stage, to_stage, action, actor_id, note, artifacts, transitioned_at, deleted_at, deleted_by, last_edited_at, last_edited_by, edit_count, head_revision_id, workspace_id) VALUES ('01KPVKB1FEXBWGTQTKPYE79D94', '01HTK007ANALYZE00000000000', 'execute', 'analyze', 'rollback', 5, NULL, 'null', '2026-04-22 22:00:31.471005+00', NULL, NULL, NULL, NULL, 0, '01KPW4QH83ZV0J75BRBRFGVBDE', '01JDEFAULTWORKSPACE0000000') ON CONFLICT (id) DO NOTHING;
INSERT INTO public.itsm_loop_transition (id, ticket_id, from_stage, to_stage, action, actor_id, note, artifacts, transitioned_at, deleted_at, deleted_by, last_edited_at, last_edited_by, edit_count, head_revision_id, workspace_id) VALUES ('01KPVKBAB8FM6TBGG0KHS7DEFD', '01HTK010EXECUTE00000000000', 'execute', 'analyze', 'rollback', 5, NULL, 'null', '2026-04-22 22:00:40.559823+00', NULL, NULL, NULL, NULL, 0, '01KPW4QH8CJ8N98TH5Q169PNSK', '01JDEFAULTWORKSPACE0000000') ON CONFLICT (id) DO NOTHING;
INSERT INTO public.itsm_loop_transition (id, ticket_id, from_stage, to_stage, action, actor_id, note, artifacts, transitioned_at, deleted_at, deleted_by, last_edited_at, last_edited_by, edit_count, head_revision_id, workspace_id) VALUES ('01KPVKBF54BD2FXK3QR87V2V2Q', '01HTK010EXECUTE00000000000', 'execute', 'verify', 'advance', 5, NULL, 'null', '2026-04-22 22:00:45.476884+00', NULL, NULL, NULL, NULL, 0, '01KPW4QH8H2VTPQ8N7PF1VR3PP', '01JDEFAULTWORKSPACE0000000') ON CONFLICT (id) DO NOTHING;
INSERT INTO public.itsm_loop_transition (id, ticket_id, from_stage, to_stage, action, actor_id, note, artifacts, transitioned_at, deleted_at, deleted_by, last_edited_at, last_edited_by, edit_count, head_revision_id, workspace_id) VALUES ('01KPW2DQQHGZ0TAJCXMHNWR7PN', '01HTK013VERIFY000000000000', 'verify', 'answer', 'advance', 5, NULL, 'null', '2026-04-23 02:24:08.460456+00', NULL, NULL, NULL, NULL, 0, '01KPW4QH8NS64SS29YFS92ZHSM', '01JDEFAULTWORKSPACE0000000') ON CONFLICT (id) DO NOTHING;
INSERT INTO public.itsm_loop_transition (id, ticket_id, from_stage, to_stage, action, actor_id, note, artifacts, transitioned_at, deleted_at, deleted_by, last_edited_at, last_edited_by, edit_count, head_revision_id, workspace_id) VALUES ('01KPW2E22PS70K24Z5G3E4YX3D', '01HTK009EXECUTE00000000000', 'verify', 'execute', 'rollback', 5, NULL, 'null', '2026-04-23 02:24:19.031566+00', NULL, NULL, NULL, NULL, 0, '01KPW4QH8YBNG9M9W73XWJ47EM', '01JDEFAULTWORKSPACE0000000') ON CONFLICT (id) DO NOTHING;
INSERT INTO public.itsm_loop_transition (id, ticket_id, from_stage, to_stage, action, actor_id, note, artifacts, transitioned_at, deleted_at, deleted_by, last_edited_at, last_edited_by, edit_count, head_revision_id, workspace_id) VALUES ('01KPW2ES7EMNFJCSNTD7KX8JTA', '01HTK007ANALYZE00000000000', 'analyze', 'execute', 'advance', 5, NULL, 'null', '2026-04-23 02:24:42.7355+00', NULL, NULL, NULL, NULL, 0, '01KPW4QH928TA1NFSF9KZJXXWF', '01JDEFAULTWORKSPACE0000000') ON CONFLICT (id) DO NOTHING;
INSERT INTO public.itsm_loop_transition (id, ticket_id, from_stage, to_stage, action, actor_id, note, artifacts, transitioned_at, deleted_at, deleted_by, last_edited_at, last_edited_by, edit_count, head_revision_id, workspace_id) VALUES ('01HTK006ANALYZETR000000000', '01HTK006ANALYZE00000000000', 'intake', 'analyze', 'advance', 6, 'intake → analyze 전이 (seed)', NULL, '2026-04-21 22:34:42.925341+00', NULL, NULL, NULL, NULL, 0, '01KPT877QVZZRDTMGKFKTEENXY', '01JDEFAULTWORKSPACE0000000') ON CONFLICT (id) DO NOTHING;
INSERT INTO public.itsm_loop_transition (id, ticket_id, from_stage, to_stage, action, actor_id, note, artifacts, transitioned_at, deleted_at, deleted_by, last_edited_at, last_edited_by, edit_count, head_revision_id, workspace_id) VALUES ('01HTK007ANALYZETR000000000', '01HTK007ANALYZE00000000000', 'intake', 'analyze', 'advance', 6, 'intake → analyze 전이 (seed)', NULL, '2026-04-21 22:34:42.925341+00', NULL, NULL, NULL, NULL, 0, '01KPT877R56YJ6SZ89XD2NXYGE', '01JDEFAULTWORKSPACE0000000') ON CONFLICT (id) DO NOTHING;
INSERT INTO public.itsm_loop_transition (id, ticket_id, from_stage, to_stage, action, actor_id, note, artifacts, transitioned_at, deleted_at, deleted_by, last_edited_at, last_edited_by, edit_count, head_revision_id, workspace_id) VALUES ('01HTK008EXECUTETR000000000', '01HTK008EXECUTE00000000000', 'intake', 'analyze', 'advance', 6, 'intake → analyze 전이 (seed)', NULL, '2026-04-21 12:34:42.925341+00', NULL, NULL, NULL, NULL, 0, '01KPT877RD5DPT6JJD8C7ZC39Y', '01JDEFAULTWORKSPACE0000000') ON CONFLICT (id) DO NOTHING;
INSERT INTO public.itsm_loop_transition (id, ticket_id, from_stage, to_stage, action, actor_id, note, artifacts, transitioned_at, deleted_at, deleted_by, last_edited_at, last_edited_by, edit_count, head_revision_id, workspace_id) VALUES ('01HTK005ANALYZETR000000000', '01HTK005ANALYZE00000000000', 'intake', 'analyze', 'advance', 6, 'intake → analyze 전이 (seed)', NULL, '2026-04-21 22:34:42.925341+00', NULL, NULL, '2026-04-22 10:54:36.543948+00', 5, 2, '01KPTD7Q01EGA0DDAQ3MAW4015', '01JDEFAULTWORKSPACE0000000') ON CONFLICT (id) DO NOTHING;
INSERT INTO public.itsm_loop_transition (id, ticket_id, from_stage, to_stage, action, actor_id, note, artifacts, transitioned_at, deleted_at, deleted_by, last_edited_at, last_edited_by, edit_count, head_revision_id, workspace_id) VALUES ('01HTK008EXECUTETR100000000', '01HTK008EXECUTE00000000000', 'analyze', 'execute', 'advance', 6, 'analyze → execute 전이 (seed)', NULL, '2026-04-21 22:34:42.925341+00', NULL, NULL, NULL, NULL, 0, '01KPT877RGTYN4XT6T610J39WB', '01JDEFAULTWORKSPACE0000000') ON CONFLICT (id) DO NOTHING;
INSERT INTO public.itsm_loop_transition (id, ticket_id, from_stage, to_stage, action, actor_id, note, artifacts, transitioned_at, deleted_at, deleted_by, last_edited_at, last_edited_by, edit_count, head_revision_id, workspace_id) VALUES ('01HTK009EXECUTETR000000000', '01HTK009EXECUTE00000000000', 'intake', 'analyze', 'advance', 6, 'intake → analyze 전이 (seed)', NULL, '2026-04-20 22:34:42.925341+00', NULL, NULL, NULL, NULL, 0, '01KPT877RZ4F741TZ32XYWKC6Z', '01JDEFAULTWORKSPACE0000000') ON CONFLICT (id) DO NOTHING;
INSERT INTO public.itsm_loop_transition (id, ticket_id, from_stage, to_stage, action, actor_id, note, artifacts, transitioned_at, deleted_at, deleted_by, last_edited_at, last_edited_by, edit_count, head_revision_id, workspace_id) VALUES ('01HTK009EXECUTETR100000000', '01HTK009EXECUTE00000000000', 'analyze', 'execute', 'advance', 6, 'analyze → execute 전이 (seed)', NULL, '2026-04-21 22:34:42.925341+00', NULL, NULL, NULL, NULL, 0, '01KPT877S50TWVC2WXZJ1D3W8V', '01JDEFAULTWORKSPACE0000000') ON CONFLICT (id) DO NOTHING;
INSERT INTO public.itsm_loop_transition (id, ticket_id, from_stage, to_stage, action, actor_id, note, artifacts, transitioned_at, deleted_at, deleted_by, last_edited_at, last_edited_by, edit_count, head_revision_id, workspace_id) VALUES ('01HTK010EXECUTETR000000000', '01HTK010EXECUTE00000000000', 'intake', 'analyze', 'advance', 6, 'intake → analyze 전이 (seed)', NULL, '2026-04-21 15:04:42.925341+00', NULL, NULL, NULL, NULL, 0, '01KPT877SDA6F8CCRMPD4WFZ3A', '01JDEFAULTWORKSPACE0000000') ON CONFLICT (id) DO NOTHING;
INSERT INTO public.itsm_loop_transition (id, ticket_id, from_stage, to_stage, action, actor_id, note, artifacts, transitioned_at, deleted_at, deleted_by, last_edited_at, last_edited_by, edit_count, head_revision_id, workspace_id) VALUES ('01HTK010EXECUTETR100000000', '01HTK010EXECUTE00000000000', 'analyze', 'execute', 'advance', 6, 'analyze → execute 전이 (seed)', NULL, '2026-04-21 22:34:42.925341+00', NULL, NULL, NULL, NULL, 0, '01KPT877SH120BR4JB741CWF0K', '01JDEFAULTWORKSPACE0000000') ON CONFLICT (id) DO NOTHING;
INSERT INTO public.itsm_loop_transition (id, ticket_id, from_stage, to_stage, action, actor_id, note, artifacts, transitioned_at, deleted_at, deleted_by, last_edited_at, last_edited_by, edit_count, head_revision_id, workspace_id) VALUES ('01HTK011EXECUTETR000000000', '01HTK011EXECUTE00000000000', 'intake', 'analyze', 'advance', 6, 'intake → analyze 전이 (seed)', NULL, '2026-04-21 10:04:42.925341+00', NULL, NULL, NULL, NULL, 0, '01KPT877SMW1VSTWVMDCFY6MFD', '01JDEFAULTWORKSPACE0000000') ON CONFLICT (id) DO NOTHING;
INSERT INTO public.itsm_loop_transition (id, ticket_id, from_stage, to_stage, action, actor_id, note, artifacts, transitioned_at, deleted_at, deleted_by, last_edited_at, last_edited_by, edit_count, head_revision_id, workspace_id) VALUES ('01HTK011EXECUTETR100000000', '01HTK011EXECUTE00000000000', 'analyze', 'execute', 'advance', 6, 'analyze → execute 전이 (seed)', NULL, '2026-04-21 22:34:42.925341+00', NULL, NULL, NULL, NULL, 0, '01KPT877SYN2ZMRHSTVTXE5D3M', '01JDEFAULTWORKSPACE0000000') ON CONFLICT (id) DO NOTHING;
INSERT INTO public.itsm_loop_transition (id, ticket_id, from_stage, to_stage, action, actor_id, note, artifacts, transitioned_at, deleted_at, deleted_by, last_edited_at, last_edited_by, edit_count, head_revision_id, workspace_id) VALUES ('01KPVJ9E6AS1F11J7ZNQX6H12A', '01HTK009EXECUTE00000000000', 'execute', 'verify', 'advance', 5, NULL, 'null', '2026-04-22 21:42:10.379088+00', NULL, NULL, NULL, NULL, 0, '01KPVJPDS3HVWSJ02PHAVY0QQ6', '01JDEFAULTWORKSPACE0000000') ON CONFLICT (id) DO NOTHING;
INSERT INTO public.itsm_loop_transition (id, ticket_id, from_stage, to_stage, action, actor_id, note, artifacts, transitioned_at, deleted_at, deleted_by, last_edited_at, last_edited_by, edit_count, head_revision_id, workspace_id) VALUES ('01KPSXEWXCT07695V46VXHJZ1M', '01KPSXEWVHTMQY22NTW66TVE88', NULL, 'intake', 'advance', 5, 'intake', NULL, '2026-04-22 06:18:54.775068+00', NULL, NULL, '2026-04-22 09:31:10.643617+00', 5, 2, '01KPT8EYDTHVBPN2ZP88C64J3K', '01JDEFAULTWORKSPACE0000000') ON CONFLICT (id) DO NOTHING;
INSERT INTO public.itsm_loop_transition (id, ticket_id, from_stage, to_stage, action, actor_id, note, artifacts, transitioned_at, deleted_at, deleted_by, last_edited_at, last_edited_by, edit_count, head_revision_id, workspace_id) VALUES ('01KPTDBGHPE2YFF91AMFPY2RPS', '01HTK005ANALYZE00000000000', 'analyze', 'execute', 'advance', 5, '테스트 입니다.', 'null', '2026-04-22 10:56:41.040112+00', NULL, NULL, NULL, NULL, 0, '01KPTF94ZK2FRE7ZG844T74FJE', '01JDEFAULTWORKSPACE0000000') ON CONFLICT (id) DO NOTHING;
INSERT INTO public.itsm_loop_transition (id, ticket_id, from_stage, to_stage, action, actor_id, note, artifacts, transitioned_at, deleted_at, deleted_by, last_edited_at, last_edited_by, edit_count, head_revision_id, workspace_id) VALUES ('01KPVH57E9NW5S635B3F0JJSE2', '01HTK005ANALYZE00000000000', 'execute', 'verify', 'advance', 5, NULL, 'null', '2026-04-22 21:22:24.059905+00', NULL, NULL, NULL, NULL, 0, '01KPVHVK2JD3GCGBDQNFDMM2DB', '01JDEFAULTWORKSPACE0000000') ON CONFLICT (id) DO NOTHING;
INSERT INTO public.itsm_loop_transition (id, ticket_id, from_stage, to_stage, action, actor_id, note, artifacts, transitioned_at, deleted_at, deleted_by, last_edited_at, last_edited_by, edit_count, head_revision_id, workspace_id) VALUES ('01KPVH5FPK0QRJAW1XSVD5TP3X', '01HTK011EXECUTE00000000000', 'execute', 'verify', 'advance', 5, NULL, 'null', '2026-04-22 21:22:32.28264+00', NULL, NULL, NULL, NULL, 0, '01KPVHVK3AWXB5T8ARVG3G6537', '01JDEFAULTWORKSPACE0000000') ON CONFLICT (id) DO NOTHING;
INSERT INTO public.itsm_loop_transition (id, ticket_id, from_stage, to_stage, action, actor_id, note, artifacts, transitioned_at, deleted_at, deleted_by, last_edited_at, last_edited_by, edit_count, head_revision_id, workspace_id) VALUES ('01KPVH5R3T0CWX0VWN2A53GJ08', '01HTK005ANALYZE00000000000', 'verify', 'answer', 'advance', 5, NULL, 'null', '2026-04-22 21:22:40.892843+00', NULL, NULL, NULL, NULL, 0, '01KPVHVK3GE78WJJ8NG5DV2QQ4', '01JDEFAULTWORKSPACE0000000') ON CONFLICT (id) DO NOTHING;
INSERT INTO public.itsm_loop_transition (id, ticket_id, from_stage, to_stage, action, actor_id, note, artifacts, transitioned_at, deleted_at, deleted_by, last_edited_at, last_edited_by, edit_count, head_revision_id, workspace_id) VALUES ('01KPVH5YPZB859AW3X0Z0WA1H8', '01HTK005ANALYZE00000000000', 'answer', 'closed', 'advance', 5, NULL, 'null', '2026-04-22 21:22:47.65004+00', NULL, NULL, NULL, NULL, 0, '01KPVHVK3QVVNB8EJ91W3N75WT', '01JDEFAULTWORKSPACE0000000') ON CONFLICT (id) DO NOTHING;
INSERT INTO public.itsm_loop_transition (id, ticket_id, from_stage, to_stage, action, actor_id, note, artifacts, transitioned_at, deleted_at, deleted_by, last_edited_at, last_edited_by, edit_count, head_revision_id, workspace_id) VALUES ('01HTK012VERIFYTR0000000000', '01HTK012VERIFY000000000000', 'intake', 'analyze', 'advance', 6, 'intake → analyze 전이 (seed)', NULL, '2026-04-20 19:54:42.925341+00', NULL, NULL, NULL, NULL, 0, '01KPT877T5ZR8456HXD3F9MZ3N', '01JDEFAULTWORKSPACE0000000') ON CONFLICT (id) DO NOTHING;
INSERT INTO public.itsm_loop_transition (id, ticket_id, from_stage, to_stage, action, actor_id, note, artifacts, transitioned_at, deleted_at, deleted_by, last_edited_at, last_edited_by, edit_count, head_revision_id, workspace_id) VALUES ('01HTK012VERIFYTR1000000000', '01HTK012VERIFY000000000000', 'analyze', 'execute', 'advance', 6, 'analyze → execute 전이 (seed)', NULL, '2026-04-21 09:14:42.925341+00', NULL, NULL, NULL, NULL, 0, '01KPT877T8D2DZ62GJ57HD7TKE', '01JDEFAULTWORKSPACE0000000') ON CONFLICT (id) DO NOTHING;
INSERT INTO public.itsm_loop_transition (id, ticket_id, from_stage, to_stage, action, actor_id, note, artifacts, transitioned_at, deleted_at, deleted_by, last_edited_at, last_edited_by, edit_count, head_revision_id, workspace_id) VALUES ('01HTK012VERIFYTR2000000000', '01HTK012VERIFY000000000000', 'execute', 'verify', 'advance', 6, 'execute → verify 전이 (seed)', NULL, '2026-04-21 22:34:42.925341+00', NULL, NULL, NULL, NULL, 0, '01KPT877TDN686GY17BG599ARJ', '01JDEFAULTWORKSPACE0000000') ON CONFLICT (id) DO NOTHING;
INSERT INTO public.itsm_loop_transition (id, ticket_id, from_stage, to_stage, action, actor_id, note, artifacts, transitioned_at, deleted_at, deleted_by, last_edited_at, last_edited_by, edit_count, head_revision_id, workspace_id) VALUES ('01HTK013VERIFYTR0000000000', '01HTK013VERIFY000000000000', 'intake', 'analyze', 'advance', 6, 'intake → analyze 전이 (seed)', NULL, '2026-04-21 02:34:42.925341+00', NULL, NULL, NULL, NULL, 0, '01KPT877TKWFJVT0EF1N7VTZVA', '01JDEFAULTWORKSPACE0000000') ON CONFLICT (id) DO NOTHING;
INSERT INTO public.itsm_loop_transition (id, ticket_id, from_stage, to_stage, action, actor_id, note, artifacts, transitioned_at, deleted_at, deleted_by, last_edited_at, last_edited_by, edit_count, head_revision_id, workspace_id) VALUES ('01HTK013VERIFYTR1000000000', '01HTK013VERIFY000000000000', 'analyze', 'execute', 'advance', 6, 'analyze → execute 전이 (seed)', NULL, '2026-04-21 12:34:42.925341+00', NULL, NULL, NULL, NULL, 0, '01KPT877TP73WTX5BRQ5SYPESC', '01JDEFAULTWORKSPACE0000000') ON CONFLICT (id) DO NOTHING;
INSERT INTO public.itsm_loop_transition (id, ticket_id, from_stage, to_stage, action, actor_id, note, artifacts, transitioned_at, deleted_at, deleted_by, last_edited_at, last_edited_by, edit_count, head_revision_id, workspace_id) VALUES ('01HTK013VERIFYTR2000000000', '01HTK013VERIFY000000000000', 'execute', 'verify', 'advance', 6, 'execute → verify 전이 (seed)', NULL, '2026-04-21 22:34:42.925341+00', NULL, NULL, NULL, NULL, 0, '01KPT877TVTDT0AKF8JGWAVGSW', '01JDEFAULTWORKSPACE0000000') ON CONFLICT (id) DO NOTHING;
INSERT INTO public.itsm_loop_transition (id, ticket_id, from_stage, to_stage, action, actor_id, note, artifacts, transitioned_at, deleted_at, deleted_by, last_edited_at, last_edited_by, edit_count, head_revision_id, workspace_id) VALUES ('01HTK014ANSWERTR0000000000', '01HTK014ANSWER000000000000', 'intake', 'analyze', 'advance', 6, 'intake → analyze 전이 (seed)', NULL, '2026-04-20 01:34:42.925341+00', NULL, NULL, NULL, NULL, 0, '01KPT877TY96AR40F4QRGW221H', '01JDEFAULTWORKSPACE0000000') ON CONFLICT (id) DO NOTHING;
INSERT INTO public.itsm_loop_transition (id, ticket_id, from_stage, to_stage, action, actor_id, note, artifacts, transitioned_at, deleted_at, deleted_by, last_edited_at, last_edited_by, edit_count, head_revision_id, workspace_id) VALUES ('01HTK014ANSWERTR1000000000', '01HTK014ANSWER000000000000', 'analyze', 'execute', 'advance', 6, 'analyze → execute 전이 (seed)', NULL, '2026-04-20 16:34:42.925341+00', NULL, NULL, NULL, NULL, 0, '01KPT877V1Z6ZXDFY1AJ7QQS3F', '01JDEFAULTWORKSPACE0000000') ON CONFLICT (id) DO NOTHING;
INSERT INTO public.itsm_loop_transition (id, ticket_id, from_stage, to_stage, action, actor_id, note, artifacts, transitioned_at, deleted_at, deleted_by, last_edited_at, last_edited_by, edit_count, head_revision_id, workspace_id) VALUES ('01HTK014ANSWERTR2000000000', '01HTK014ANSWER000000000000', 'execute', 'verify', 'advance', 6, 'execute → verify 전이 (seed)', NULL, '2026-04-21 07:34:42.925341+00', NULL, NULL, NULL, NULL, 0, '01KPT877V6SVGYDPXD9NRVW3PG', '01JDEFAULTWORKSPACE0000000') ON CONFLICT (id) DO NOTHING;
INSERT INTO public.itsm_loop_transition (id, ticket_id, from_stage, to_stage, action, actor_id, note, artifacts, transitioned_at, deleted_at, deleted_by, last_edited_at, last_edited_by, edit_count, head_revision_id, workspace_id) VALUES ('01HTK014ANSWERTR3000000000', '01HTK014ANSWER000000000000', 'verify', 'answer', 'advance', 6, 'verify → answer 전이 (seed)', NULL, '2026-04-21 22:34:42.925341+00', NULL, NULL, NULL, NULL, 0, '01KPT877VD5XYACAW1PNXW21B6', '01JDEFAULTWORKSPACE0000000') ON CONFLICT (id) DO NOTHING;
INSERT INTO public.itsm_loop_transition (id, ticket_id, from_stage, to_stage, action, actor_id, note, artifacts, transitioned_at, deleted_at, deleted_by, last_edited_at, last_edited_by, edit_count, head_revision_id, workspace_id) VALUES ('01HTK015ANSWERTR0000000000', '01HTK015ANSWER000000000000', 'intake', 'analyze', 'advance', 6, 'intake → analyze 전이 (seed)', NULL, '2026-04-21 04:34:42.925341+00', NULL, NULL, NULL, NULL, 0, '01KPT877VHCER66HC2SXSF9WQY', '01JDEFAULTWORKSPACE0000000') ON CONFLICT (id) DO NOTHING;
INSERT INTO public.itsm_loop_transition (id, ticket_id, from_stage, to_stage, action, actor_id, note, artifacts, transitioned_at, deleted_at, deleted_by, last_edited_at, last_edited_by, edit_count, head_revision_id, workspace_id) VALUES ('01HTK015ANSWERTR1000000000', '01HTK015ANSWER000000000000', 'analyze', 'execute', 'advance', 6, 'analyze → execute 전이 (seed)', NULL, '2026-04-21 10:34:42.925341+00', NULL, NULL, NULL, NULL, 0, '01KPT877VM51R5HWNQW27QKSRS', '01JDEFAULTWORKSPACE0000000') ON CONFLICT (id) DO NOTHING;
INSERT INTO public.itsm_loop_transition (id, ticket_id, from_stage, to_stage, action, actor_id, note, artifacts, transitioned_at, deleted_at, deleted_by, last_edited_at, last_edited_by, edit_count, head_revision_id, workspace_id) VALUES ('01HTK015ANSWERTR2000000000', '01HTK015ANSWER000000000000', 'execute', 'verify', 'advance', 6, 'execute → verify 전이 (seed)', NULL, '2026-04-21 16:34:42.925341+00', NULL, NULL, NULL, NULL, 0, '01KPT877VS6JXBKKJP6CGQW5X3', '01JDEFAULTWORKSPACE0000000') ON CONFLICT (id) DO NOTHING;
INSERT INTO public.itsm_loop_transition (id, ticket_id, from_stage, to_stage, action, actor_id, note, artifacts, transitioned_at, deleted_at, deleted_by, last_edited_at, last_edited_by, edit_count, head_revision_id, workspace_id) VALUES ('01HTK015ANSWERTR3000000000', '01HTK015ANSWER000000000000', 'verify', 'answer', 'advance', 6, 'verify → answer 전이 (seed)', NULL, '2026-04-21 22:34:42.925341+00', NULL, NULL, NULL, NULL, 0, '01KPT877VWAYD7R7ZDD6ZSQB0H', '01JDEFAULTWORKSPACE0000000') ON CONFLICT (id) DO NOTHING;
INSERT INTO public.itsm_loop_transition (id, ticket_id, from_stage, to_stage, action, actor_id, note, artifacts, transitioned_at, deleted_at, deleted_by, last_edited_at, last_edited_by, edit_count, head_revision_id, workspace_id) VALUES ('01HTK016CLOSEDTR0000000000', '01HTK016CLOSED000000000000', 'intake', 'analyze', 'advance', 6, 'intake → analyze 전이 (seed)', NULL, '2026-04-18 17:46:42.925341+00', NULL, NULL, NULL, NULL, 0, '01KPT877W04J2ZP4QXB3498VWF', '01JDEFAULTWORKSPACE0000000') ON CONFLICT (id) DO NOTHING;
INSERT INTO public.itsm_loop_transition (id, ticket_id, from_stage, to_stage, action, actor_id, note, artifacts, transitioned_at, deleted_at, deleted_by, last_edited_at, last_edited_by, edit_count, head_revision_id, workspace_id) VALUES ('01HTK016CLOSEDTR1000000000', '01HTK016CLOSED000000000000', 'analyze', 'execute', 'advance', 6, 'analyze → execute 전이 (seed)', NULL, '2026-04-19 12:58:42.925341+00', NULL, NULL, NULL, NULL, 0, '01KPT877WBD6MDZ2KBGVF729C6', '01JDEFAULTWORKSPACE0000000') ON CONFLICT (id) DO NOTHING;
INSERT INTO public.itsm_loop_transition (id, ticket_id, from_stage, to_stage, action, actor_id, note, artifacts, transitioned_at, deleted_at, deleted_by, last_edited_at, last_edited_by, edit_count, head_revision_id, workspace_id) VALUES ('01HTK016CLOSEDTR2000000000', '01HTK016CLOSED000000000000', 'execute', 'verify', 'advance', 6, 'execute → verify 전이 (seed)', NULL, '2026-04-20 08:10:42.925341+00', NULL, NULL, NULL, NULL, 0, '01KPT877WH6T0B1NJFF1BWJ6VB', '01JDEFAULTWORKSPACE0000000') ON CONFLICT (id) DO NOTHING;
INSERT INTO public.itsm_loop_transition (id, ticket_id, from_stage, to_stage, action, actor_id, note, artifacts, transitioned_at, deleted_at, deleted_by, last_edited_at, last_edited_by, edit_count, head_revision_id, workspace_id) VALUES ('01HTK016CLOSEDTR3000000000', '01HTK016CLOSED000000000000', 'verify', 'answer', 'advance', 6, 'verify → answer 전이 (seed)', NULL, '2026-04-21 03:22:42.925341+00', NULL, NULL, NULL, NULL, 0, '01KPT877WM78SA8T0BK1XD0TCG', '01JDEFAULTWORKSPACE0000000') ON CONFLICT (id) DO NOTHING;
INSERT INTO public.itsm_loop_transition (id, ticket_id, from_stage, to_stage, action, actor_id, note, artifacts, transitioned_at, deleted_at, deleted_by, last_edited_at, last_edited_by, edit_count, head_revision_id, workspace_id) VALUES ('01HTK016CLOSEDTR4000000000', '01HTK016CLOSED000000000000', 'answer', 'closed', 'advance', 6, 'answer → closed 전이 (seed)', NULL, '2026-04-21 21:58:42.925341+00', NULL, NULL, NULL, NULL, 0, '01KPT877WP331CF1GZFY6QH8RA', '01JDEFAULTWORKSPACE0000000') ON CONFLICT (id) DO NOTHING;
INSERT INTO public.itsm_loop_transition (id, ticket_id, from_stage, to_stage, action, actor_id, note, artifacts, transitioned_at, deleted_at, deleted_by, last_edited_at, last_edited_by, edit_count, head_revision_id, workspace_id) VALUES ('01HTK017CLOSEDTR0000000000', '01HTK017CLOSED000000000000', 'intake', 'analyze', 'advance', 6, 'intake → analyze 전이 (seed)', NULL, '2026-04-19 12:58:42.925341+00', NULL, NULL, NULL, NULL, 0, '01KPT877WSD53X84KQBSJ4PVVJ', '01JDEFAULTWORKSPACE0000000') ON CONFLICT (id) DO NOTHING;
INSERT INTO public.itsm_loop_transition (id, ticket_id, from_stage, to_stage, action, actor_id, note, artifacts, transitioned_at, deleted_at, deleted_by, last_edited_at, last_edited_by, edit_count, head_revision_id, workspace_id) VALUES ('01HTK017CLOSEDTR1000000000', '01HTK017CLOSED000000000000', 'analyze', 'execute', 'advance', 6, 'analyze → execute 전이 (seed)', NULL, '2026-04-20 03:22:42.925341+00', NULL, NULL, NULL, NULL, 0, '01KPT877WXNW2TFRWZCNAJWKX3', '01JDEFAULTWORKSPACE0000000') ON CONFLICT (id) DO NOTHING;
INSERT INTO public.itsm_loop_transition (id, ticket_id, from_stage, to_stage, action, actor_id, note, artifacts, transitioned_at, deleted_at, deleted_by, last_edited_at, last_edited_by, edit_count, head_revision_id, workspace_id) VALUES ('01HTK017CLOSEDTR2000000000', '01HTK017CLOSED000000000000', 'execute', 'verify', 'advance', 6, 'execute → verify 전이 (seed)', NULL, '2026-04-20 17:46:42.925341+00', NULL, NULL, NULL, NULL, 0, '01KPT877X053Z339QE31CJ1FHD', '01JDEFAULTWORKSPACE0000000') ON CONFLICT (id) DO NOTHING;
INSERT INTO public.itsm_loop_transition (id, ticket_id, from_stage, to_stage, action, actor_id, note, artifacts, transitioned_at, deleted_at, deleted_by, last_edited_at, last_edited_by, edit_count, head_revision_id, workspace_id) VALUES ('01HTK017CLOSEDTR3000000000', '01HTK017CLOSED000000000000', 'verify', 'answer', 'advance', 6, 'verify → answer 전이 (seed)', NULL, '2026-04-21 08:10:42.925341+00', NULL, NULL, NULL, NULL, 0, '01KPT877X2MG0G0GGKT3RXFN5D', '01JDEFAULTWORKSPACE0000000') ON CONFLICT (id) DO NOTHING;
INSERT INTO public.itsm_loop_transition (id, ticket_id, from_stage, to_stage, action, actor_id, note, artifacts, transitioned_at, deleted_at, deleted_by, last_edited_at, last_edited_by, edit_count, head_revision_id, workspace_id) VALUES ('01HTK017CLOSEDTR4000000000', '01HTK017CLOSED000000000000', 'answer', 'closed', 'advance', 6, 'answer → closed 전이 (seed)', NULL, '2026-04-21 22:16:42.925341+00', NULL, NULL, NULL, NULL, 0, '01KPT877X7YXY72Y98CV385KXC', '01JDEFAULTWORKSPACE0000000') ON CONFLICT (id) DO NOTHING;
INSERT INTO public.itsm_loop_transition (id, ticket_id, from_stage, to_stage, action, actor_id, note, artifacts, transitioned_at, deleted_at, deleted_by, last_edited_at, last_edited_by, edit_count, head_revision_id, workspace_id) VALUES ('01HTK018CLOSEDTR0000000000', '01HTK018CLOSED000000000000', 'intake', 'analyze', 'advance', 6, 'intake → analyze 전이 (seed)', NULL, '2026-04-16 08:10:42.925341+00', NULL, NULL, NULL, NULL, 0, '01KPT877XDAZ6DWRHDW847Y78R', '01JDEFAULTWORKSPACE0000000') ON CONFLICT (id) DO NOTHING;
INSERT INTO public.itsm_loop_transition (id, ticket_id, from_stage, to_stage, action, actor_id, note, artifacts, transitioned_at, deleted_at, deleted_by, last_edited_at, last_edited_by, edit_count, head_revision_id, workspace_id) VALUES ('01HTK018CLOSEDTR1000000000', '01HTK018CLOSED000000000000', 'analyze', 'execute', 'advance', 6, 'analyze → execute 전이 (seed)', NULL, '2026-04-17 17:46:42.925341+00', NULL, NULL, NULL, NULL, 0, '01KPT877XRE89E7QJRHJ81ZQG5', '01JDEFAULTWORKSPACE0000000') ON CONFLICT (id) DO NOTHING;
INSERT INTO public.itsm_loop_transition (id, ticket_id, from_stage, to_stage, action, actor_id, note, artifacts, transitioned_at, deleted_at, deleted_by, last_edited_at, last_edited_by, edit_count, head_revision_id, workspace_id) VALUES ('01HTK018CLOSEDTR2000000000', '01HTK018CLOSED000000000000', 'execute', 'verify', 'advance', 6, 'execute → verify 전이 (seed)', NULL, '2026-04-19 03:22:42.925341+00', NULL, NULL, NULL, NULL, 0, '01KPT877XW62DDEKM1ARCR3PGS', '01JDEFAULTWORKSPACE0000000') ON CONFLICT (id) DO NOTHING;
INSERT INTO public.itsm_loop_transition (id, ticket_id, from_stage, to_stage, action, actor_id, note, artifacts, transitioned_at, deleted_at, deleted_by, last_edited_at, last_edited_by, edit_count, head_revision_id, workspace_id) VALUES ('01HTK018CLOSEDTR3000000000', '01HTK018CLOSED000000000000', 'verify', 'answer', 'advance', 6, 'verify → answer 전이 (seed)', NULL, '2026-04-20 12:58:42.925341+00', NULL, NULL, NULL, NULL, 0, '01KPT877XZC6XNS03VVDKPAS1B', '01JDEFAULTWORKSPACE0000000') ON CONFLICT (id) DO NOTHING;
INSERT INTO public.itsm_loop_transition (id, ticket_id, from_stage, to_stage, action, actor_id, note, artifacts, transitioned_at, deleted_at, deleted_by, last_edited_at, last_edited_by, edit_count, head_revision_id, workspace_id) VALUES ('01HTK018CLOSEDTR4000000000', '01HTK018CLOSED000000000000', 'answer', 'closed', 'advance', 6, 'answer → closed 전이 (seed)', NULL, '2026-04-21 22:22:42.925341+00', NULL, NULL, NULL, NULL, 0, '01KPT877Y3WK92HS1NRBJMJYM9', '01JDEFAULTWORKSPACE0000000') ON CONFLICT (id) DO NOTHING;
INSERT INTO public.itsm_loop_transition (id, ticket_id, from_stage, to_stage, action, actor_id, note, artifacts, transitioned_at, deleted_at, deleted_by, last_edited_at, last_edited_by, edit_count, head_revision_id, workspace_id) VALUES ('01HTK018CLOSEDTRRE00000000', '01HTK018CLOSED000000000000', 'closed', 'intake', 'reopen', 6, '고객 재요청으로 재오픈 (seed)', NULL, '2026-04-18 10:34:42.925341+00', NULL, NULL, NULL, NULL, 0, '01KPT877Y917ZGRT6BG88M48GX', '01JDEFAULTWORKSPACE0000000') ON CONFLICT (id) DO NOTHING;
INSERT INTO public.itsm_loop_transition (id, ticket_id, from_stage, to_stage, action, actor_id, note, artifacts, transitioned_at, deleted_at, deleted_by, last_edited_at, last_edited_by, edit_count, head_revision_id, workspace_id) VALUES ('01KPSGQWZFGE59MT0G5P85RN6Y', '01HTK001INTAKE000000000000', 'intake', 'analyze', 'advance', 5, '다음 사람이 작업해 줘요', 'null', '2026-04-22 02:36:38.274575+00', NULL, NULL, NULL, NULL, 0, '01KPT877YDQJBXMP9ZPPT29W9N', '01JDEFAULTWORKSPACE0000000') ON CONFLICT (id) DO NOTHING;
INSERT INTO public.itsm_loop_transition (id, ticket_id, from_stage, to_stage, action, actor_id, note, artifacts, transitioned_at, deleted_at, deleted_by, last_edited_at, last_edited_by, edit_count, head_revision_id, workspace_id) VALUES ('01KPSXFQH3QRPV41DPH1TAWG95', '01KPSXEWVHTMQY22NTW66TVE88', 'intake', 'analyze', 'advance', 5, '1단계 처리 완료', 'null', '2026-04-22 06:19:22.033087+00', NULL, NULL, NULL, NULL, 0, '01KPT877YNEKDNR2E4EP2QT1R7', '01JDEFAULTWORKSPACE0000000') ON CONFLICT (id) DO NOTHING;
INSERT INTO public.itsm_loop_transition (id, ticket_id, from_stage, to_stage, action, actor_id, note, artifacts, transitioned_at, deleted_at, deleted_by, last_edited_at, last_edited_by, edit_count, head_revision_id, workspace_id) VALUES ('01KPT1K27RE9DTJ9NPMPTWWZYE', '01KPSXEWVHTMQY22NTW66TVE88', 'analyze', 'execute', 'advance', 5, '다음 단계로 가자........................', 'null', '2026-04-22 07:31:05.603451+00', NULL, NULL, NULL, NULL, 0, '01KPT877YR718Z7A4KX1F5NF1M', '01JDEFAULTWORKSPACE0000000') ON CONFLICT (id) DO NOTHING;
INSERT INTO public.itsm_loop_transition (id, ticket_id, from_stage, to_stage, action, actor_id, note, artifacts, transitioned_at, deleted_at, deleted_by, last_edited_at, last_edited_by, edit_count, head_revision_id, workspace_id) VALUES ('01KPVJ9AV4CCSXMGZ2VBB7YXS7', '01KPSXEWVHTMQY22NTW66TVE88', 'execute', 'verify', 'advance', 5, NULL, 'null', '2026-04-22 21:42:06.950575+00', NULL, NULL, NULL, NULL, 0, '01KPVJPDRMZBMG1P1WCKQM5KD7', '01JDEFAULTWORKSPACE0000000') ON CONFLICT (id) DO NOTHING;
INSERT INTO public.itsm_loop_transition (id, ticket_id, from_stage, to_stage, action, actor_id, note, artifacts, transitioned_at, deleted_at, deleted_by, last_edited_at, last_edited_by, edit_count, head_revision_id, workspace_id) VALUES ('01KPVH8ZN6FR1RCA8CKP5N3NGK', '01HTK001INTAKE000000000000', 'analyze', 'execute', 'advance', 5, NULL, 'null', '2026-04-22 21:24:26.925319+00', NULL, NULL, NULL, NULL, 0, '01KPVHVK3TD0K4Y7WM5D9SE8BH', '01JDEFAULTWORKSPACE0000000') ON CONFLICT (id) DO NOTHING;
INSERT INTO public.itsm_loop_transition (id, ticket_id, from_stage, to_stage, action, actor_id, note, artifacts, transitioned_at, deleted_at, deleted_by, last_edited_at, last_edited_by, edit_count, head_revision_id, workspace_id) VALUES ('01KPVH93JS8KT3GBCC3TAJXM1W', '01HTK007ANALYZE00000000000', 'analyze', 'execute', 'advance', 5, NULL, 'null', '2026-04-22 21:24:30.939043+00', NULL, NULL, NULL, NULL, 0, '01KPVHVK3YMS48DR3N9BG1XQPB', '01JDEFAULTWORKSPACE0000000') ON CONFLICT (id) DO NOTHING;
INSERT INTO public.itsm_loop_transition (id, ticket_id, from_stage, to_stage, action, actor_id, note, artifacts, transitioned_at, deleted_at, deleted_by, last_edited_at, last_edited_by, edit_count, head_revision_id, workspace_id) VALUES ('01KPVH95WHPD0C7G7NK8YRJD0Z', '01HTK007ANALYZE00000000000', 'execute', 'verify', 'advance', 5, NULL, 'null', '2026-04-22 21:24:33.298357+00', NULL, NULL, NULL, NULL, 0, '01KPVHVK430F5TFGJQ3EE9BBE0', '01JDEFAULTWORKSPACE0000000') ON CONFLICT (id) DO NOTHING;
INSERT INTO public.itsm_loop_transition (id, ticket_id, from_stage, to_stage, action, actor_id, note, artifacts, transitioned_at, deleted_at, deleted_by, last_edited_at, last_edited_by, edit_count, head_revision_id, workspace_id) VALUES ('01KPVH97JJTBZA5B1F0GMY4KV0', '01HTK010EXECUTE00000000000', 'execute', 'analyze', 'rollback', 5, NULL, 'null', '2026-04-22 21:24:35.027266+00', NULL, NULL, NULL, NULL, 0, '01KPVHVK4EZ1KZG36QQTCHKZF0', '01JDEFAULTWORKSPACE0000000') ON CONFLICT (id) DO NOTHING;
INSERT INTO public.itsm_loop_transition (id, ticket_id, from_stage, to_stage, action, actor_id, note, artifacts, transitioned_at, deleted_at, deleted_by, last_edited_at, last_edited_by, edit_count, head_revision_id, workspace_id) VALUES ('01KPVK21KWXJN05B96MFQJ97BF', '01HTK013VERIFY000000000000', 'execute', 'verify', 'advance', 5, NULL, 'null', '2026-04-22 21:55:36.711808+00', NULL, NULL, NULL, NULL, 0, '01KPW4QH96DPE3A7W2FSBVK7XE', '01JDEFAULTWORKSPACE0000000') ON CONFLICT (id) DO NOTHING;
INSERT INTO public.itsm_loop_transition (id, ticket_id, from_stage, to_stage, action, actor_id, note, artifacts, transitioned_at, deleted_at, deleted_by, last_edited_at, last_edited_by, edit_count, head_revision_id, workspace_id) VALUES ('01KPVKAXWVRYDZ2FYS4ND6JPZV', '01HTK013VERIFY000000000000', 'execute', 'verify', 'advance', 5, NULL, 'null', '2026-04-22 22:00:27.842638+00', NULL, NULL, NULL, NULL, 0, '01KPW4QH9PG2SQY2AHTTBMNN9G', '01JDEFAULTWORKSPACE0000000') ON CONFLICT (id) DO NOTHING;
INSERT INTO public.itsm_loop_transition (id, ticket_id, from_stage, to_stage, action, actor_id, note, artifacts, transitioned_at, deleted_at, deleted_by, last_edited_at, last_edited_by, edit_count, head_revision_id, workspace_id) VALUES ('01KPVKB3EWTEWM714QP0SEF6BW', '01HTK010EXECUTE00000000000', 'analyze', 'execute', 'advance', 5, NULL, 'null', '2026-04-22 22:00:33.501518+00', NULL, NULL, NULL, NULL, 0, '01KPW4QH9T9FC552K30T88PC5P', '01JDEFAULTWORKSPACE0000000') ON CONFLICT (id) DO NOTHING;
INSERT INTO public.itsm_loop_transition (id, ticket_id, from_stage, to_stage, action, actor_id, note, artifacts, transitioned_at, deleted_at, deleted_by, last_edited_at, last_edited_by, edit_count, head_revision_id, workspace_id) VALUES ('01KPVKBDF8K5KYAAPED0TW3Q86', '01HTK010EXECUTE00000000000', 'analyze', 'execute', 'advance', 5, NULL, 'null', '2026-04-22 22:00:43.753585+00', NULL, NULL, NULL, NULL, 0, '01KPW4QH9ZMPW5GMM6JWHFYHNG', '01JDEFAULTWORKSPACE0000000') ON CONFLICT (id) DO NOTHING;
INSERT INTO public.itsm_loop_transition (id, ticket_id, from_stage, to_stage, action, actor_id, note, artifacts, transitioned_at, deleted_at, deleted_by, last_edited_at, last_edited_by, edit_count, head_revision_id, workspace_id) VALUES ('01KPVKBG8VWZ9N8K4SVPT1SKJ9', '01HTK010EXECUTE00000000000', 'verify', 'answer', 'advance', 5, NULL, 'null', '2026-04-22 22:00:46.627301+00', NULL, NULL, NULL, NULL, 0, '01KPW4QHA7DEBPEAG3BWY599J9', '01JDEFAULTWORKSPACE0000000') ON CONFLICT (id) DO NOTHING;
INSERT INTO public.itsm_loop_transition (id, ticket_id, from_stage, to_stage, action, actor_id, note, artifacts, transitioned_at, deleted_at, deleted_by, last_edited_at, last_edited_by, edit_count, head_revision_id, workspace_id) VALUES ('01KPW2E13PAA539Z6VPX4SANXX', '01HTK009EXECUTE00000000000', 'execute', 'verify', 'advance', 5, NULL, 'null', '2026-04-23 02:24:18.03949+00', NULL, NULL, NULL, NULL, 0, '01KPW4QHABTS3H0FDYZRBMFVYW', '01JDEFAULTWORKSPACE0000000') ON CONFLICT (id) DO NOTHING;
INSERT INTO public.itsm_loop_transition (id, ticket_id, from_stage, to_stage, action, actor_id, note, artifacts, transitioned_at, deleted_at, deleted_by, last_edited_at, last_edited_by, edit_count, head_revision_id, workspace_id) VALUES ('01KPW2EB332RF08KJWHDT8QNFB', '01HTK009EXECUTE00000000000', 'execute', 'analyze', 'rollback', 5, NULL, 'null', '2026-04-23 02:24:28.266136+00', NULL, NULL, NULL, NULL, 0, '01KPW4QHAFZXANE73ZE26PGZZ7', '01JDEFAULTWORKSPACE0000000') ON CONFLICT (id) DO NOTHING;
INSERT INTO public.itsm_loop_transition (id, ticket_id, from_stage, to_stage, action, actor_id, note, artifacts, transitioned_at, deleted_at, deleted_by, last_edited_at, last_edited_by, edit_count, head_revision_id, workspace_id) VALUES ('01KPW2ETS4DYHEB6JHKS7A2YR7', '01HTK007ANALYZE00000000000', 'execute', 'analyze', 'rollback', 5, NULL, 'null', '2026-04-23 02:24:44.327327+00', NULL, NULL, NULL, NULL, 0, '01KPW4QHAPT4R6234YWWDEP8JW', '01JDEFAULTWORKSPACE0000000') ON CONFLICT (id) DO NOTHING;

-- ── itsm_loop_transition_revision (85 rows) ─────────────────────────
INSERT INTO public.itsm_loop_transition_revision (id, transition_id, revision_no, operation, actor_id, reason, snapshot_note, snapshot_artifacts, snapshot_from_stage, snapshot_to_stage, snapshot_action, created_at, workspace_id) VALUES ('01KPT877Q7GZR773GNVDTXP5WX', '01HTK005ANALYZETR000000000', 1, 'create', 6, NULL, 'intake → analyze 전이 (seed)', NULL, 'intake', 'analyze', 'advance', '2026-04-21 22:34:42.925341+00', '01JDEFAULTWORKSPACE0000000') ON CONFLICT (id) DO NOTHING;
INSERT INTO public.itsm_loop_transition_revision (id, transition_id, revision_no, operation, actor_id, reason, snapshot_note, snapshot_artifacts, snapshot_from_stage, snapshot_to_stage, snapshot_action, created_at, workspace_id) VALUES ('01KPT877QVZZRDTMGKFKTEENXY', '01HTK006ANALYZETR000000000', 1, 'create', 6, NULL, 'intake → analyze 전이 (seed)', NULL, 'intake', 'analyze', 'advance', '2026-04-21 22:34:42.925341+00', '01JDEFAULTWORKSPACE0000000') ON CONFLICT (id) DO NOTHING;
INSERT INTO public.itsm_loop_transition_revision (id, transition_id, revision_no, operation, actor_id, reason, snapshot_note, snapshot_artifacts, snapshot_from_stage, snapshot_to_stage, snapshot_action, created_at, workspace_id) VALUES ('01KPT877R56YJ6SZ89XD2NXYGE', '01HTK007ANALYZETR000000000', 1, 'create', 6, NULL, 'intake → analyze 전이 (seed)', NULL, 'intake', 'analyze', 'advance', '2026-04-21 22:34:42.925341+00', '01JDEFAULTWORKSPACE0000000') ON CONFLICT (id) DO NOTHING;
INSERT INTO public.itsm_loop_transition_revision (id, transition_id, revision_no, operation, actor_id, reason, snapshot_note, snapshot_artifacts, snapshot_from_stage, snapshot_to_stage, snapshot_action, created_at, workspace_id) VALUES ('01KPT877RD5DPT6JJD8C7ZC39Y', '01HTK008EXECUTETR000000000', 1, 'create', 6, NULL, 'intake → analyze 전이 (seed)', NULL, 'intake', 'analyze', 'advance', '2026-04-21 12:34:42.925341+00', '01JDEFAULTWORKSPACE0000000') ON CONFLICT (id) DO NOTHING;
INSERT INTO public.itsm_loop_transition_revision (id, transition_id, revision_no, operation, actor_id, reason, snapshot_note, snapshot_artifacts, snapshot_from_stage, snapshot_to_stage, snapshot_action, created_at, workspace_id) VALUES ('01KPT877RGTYN4XT6T610J39WB', '01HTK008EXECUTETR100000000', 1, 'create', 6, NULL, 'analyze → execute 전이 (seed)', NULL, 'analyze', 'execute', 'advance', '2026-04-21 22:34:42.925341+00', '01JDEFAULTWORKSPACE0000000') ON CONFLICT (id) DO NOTHING;
INSERT INTO public.itsm_loop_transition_revision (id, transition_id, revision_no, operation, actor_id, reason, snapshot_note, snapshot_artifacts, snapshot_from_stage, snapshot_to_stage, snapshot_action, created_at, workspace_id) VALUES ('01KPT877RZ4F741TZ32XYWKC6Z', '01HTK009EXECUTETR000000000', 1, 'create', 6, NULL, 'intake → analyze 전이 (seed)', NULL, 'intake', 'analyze', 'advance', '2026-04-20 22:34:42.925341+00', '01JDEFAULTWORKSPACE0000000') ON CONFLICT (id) DO NOTHING;
INSERT INTO public.itsm_loop_transition_revision (id, transition_id, revision_no, operation, actor_id, reason, snapshot_note, snapshot_artifacts, snapshot_from_stage, snapshot_to_stage, snapshot_action, created_at, workspace_id) VALUES ('01KPT877S50TWVC2WXZJ1D3W8V', '01HTK009EXECUTETR100000000', 1, 'create', 6, NULL, 'analyze → execute 전이 (seed)', NULL, 'analyze', 'execute', 'advance', '2026-04-21 22:34:42.925341+00', '01JDEFAULTWORKSPACE0000000') ON CONFLICT (id) DO NOTHING;
INSERT INTO public.itsm_loop_transition_revision (id, transition_id, revision_no, operation, actor_id, reason, snapshot_note, snapshot_artifacts, snapshot_from_stage, snapshot_to_stage, snapshot_action, created_at, workspace_id) VALUES ('01KPT877SDA6F8CCRMPD4WFZ3A', '01HTK010EXECUTETR000000000', 1, 'create', 6, NULL, 'intake → analyze 전이 (seed)', NULL, 'intake', 'analyze', 'advance', '2026-04-21 15:04:42.925341+00', '01JDEFAULTWORKSPACE0000000') ON CONFLICT (id) DO NOTHING;
INSERT INTO public.itsm_loop_transition_revision (id, transition_id, revision_no, operation, actor_id, reason, snapshot_note, snapshot_artifacts, snapshot_from_stage, snapshot_to_stage, snapshot_action, created_at, workspace_id) VALUES ('01KPT877SH120BR4JB741CWF0K', '01HTK010EXECUTETR100000000', 1, 'create', 6, NULL, 'analyze → execute 전이 (seed)', NULL, 'analyze', 'execute', 'advance', '2026-04-21 22:34:42.925341+00', '01JDEFAULTWORKSPACE0000000') ON CONFLICT (id) DO NOTHING;
INSERT INTO public.itsm_loop_transition_revision (id, transition_id, revision_no, operation, actor_id, reason, snapshot_note, snapshot_artifacts, snapshot_from_stage, snapshot_to_stage, snapshot_action, created_at, workspace_id) VALUES ('01KPT877SMW1VSTWVMDCFY6MFD', '01HTK011EXECUTETR000000000', 1, 'create', 6, NULL, 'intake → analyze 전이 (seed)', NULL, 'intake', 'analyze', 'advance', '2026-04-21 10:04:42.925341+00', '01JDEFAULTWORKSPACE0000000') ON CONFLICT (id) DO NOTHING;
INSERT INTO public.itsm_loop_transition_revision (id, transition_id, revision_no, operation, actor_id, reason, snapshot_note, snapshot_artifacts, snapshot_from_stage, snapshot_to_stage, snapshot_action, created_at, workspace_id) VALUES ('01KPT877SYN2ZMRHSTVTXE5D3M', '01HTK011EXECUTETR100000000', 1, 'create', 6, NULL, 'analyze → execute 전이 (seed)', NULL, 'analyze', 'execute', 'advance', '2026-04-21 22:34:42.925341+00', '01JDEFAULTWORKSPACE0000000') ON CONFLICT (id) DO NOTHING;
INSERT INTO public.itsm_loop_transition_revision (id, transition_id, revision_no, operation, actor_id, reason, snapshot_note, snapshot_artifacts, snapshot_from_stage, snapshot_to_stage, snapshot_action, created_at, workspace_id) VALUES ('01KPT877T5ZR8456HXD3F9MZ3N', '01HTK012VERIFYTR0000000000', 1, 'create', 6, NULL, 'intake → analyze 전이 (seed)', NULL, 'intake', 'analyze', 'advance', '2026-04-20 19:54:42.925341+00', '01JDEFAULTWORKSPACE0000000') ON CONFLICT (id) DO NOTHING;
INSERT INTO public.itsm_loop_transition_revision (id, transition_id, revision_no, operation, actor_id, reason, snapshot_note, snapshot_artifacts, snapshot_from_stage, snapshot_to_stage, snapshot_action, created_at, workspace_id) VALUES ('01KPT877T8D2DZ62GJ57HD7TKE', '01HTK012VERIFYTR1000000000', 1, 'create', 6, NULL, 'analyze → execute 전이 (seed)', NULL, 'analyze', 'execute', 'advance', '2026-04-21 09:14:42.925341+00', '01JDEFAULTWORKSPACE0000000') ON CONFLICT (id) DO NOTHING;
INSERT INTO public.itsm_loop_transition_revision (id, transition_id, revision_no, operation, actor_id, reason, snapshot_note, snapshot_artifacts, snapshot_from_stage, snapshot_to_stage, snapshot_action, created_at, workspace_id) VALUES ('01KPT877TDN686GY17BG599ARJ', '01HTK012VERIFYTR2000000000', 1, 'create', 6, NULL, 'execute → verify 전이 (seed)', NULL, 'execute', 'verify', 'advance', '2026-04-21 22:34:42.925341+00', '01JDEFAULTWORKSPACE0000000') ON CONFLICT (id) DO NOTHING;
INSERT INTO public.itsm_loop_transition_revision (id, transition_id, revision_no, operation, actor_id, reason, snapshot_note, snapshot_artifacts, snapshot_from_stage, snapshot_to_stage, snapshot_action, created_at, workspace_id) VALUES ('01KPT877TKWFJVT0EF1N7VTZVA', '01HTK013VERIFYTR0000000000', 1, 'create', 6, NULL, 'intake → analyze 전이 (seed)', NULL, 'intake', 'analyze', 'advance', '2026-04-21 02:34:42.925341+00', '01JDEFAULTWORKSPACE0000000') ON CONFLICT (id) DO NOTHING;
INSERT INTO public.itsm_loop_transition_revision (id, transition_id, revision_no, operation, actor_id, reason, snapshot_note, snapshot_artifacts, snapshot_from_stage, snapshot_to_stage, snapshot_action, created_at, workspace_id) VALUES ('01KPT877TP73WTX5BRQ5SYPESC', '01HTK013VERIFYTR1000000000', 1, 'create', 6, NULL, 'analyze → execute 전이 (seed)', NULL, 'analyze', 'execute', 'advance', '2026-04-21 12:34:42.925341+00', '01JDEFAULTWORKSPACE0000000') ON CONFLICT (id) DO NOTHING;
INSERT INTO public.itsm_loop_transition_revision (id, transition_id, revision_no, operation, actor_id, reason, snapshot_note, snapshot_artifacts, snapshot_from_stage, snapshot_to_stage, snapshot_action, created_at, workspace_id) VALUES ('01KPT877TVTDT0AKF8JGWAVGSW', '01HTK013VERIFYTR2000000000', 1, 'create', 6, NULL, 'execute → verify 전이 (seed)', NULL, 'execute', 'verify', 'advance', '2026-04-21 22:34:42.925341+00', '01JDEFAULTWORKSPACE0000000') ON CONFLICT (id) DO NOTHING;
INSERT INTO public.itsm_loop_transition_revision (id, transition_id, revision_no, operation, actor_id, reason, snapshot_note, snapshot_artifacts, snapshot_from_stage, snapshot_to_stage, snapshot_action, created_at, workspace_id) VALUES ('01KPT877TY96AR40F4QRGW221H', '01HTK014ANSWERTR0000000000', 1, 'create', 6, NULL, 'intake → analyze 전이 (seed)', NULL, 'intake', 'analyze', 'advance', '2026-04-20 01:34:42.925341+00', '01JDEFAULTWORKSPACE0000000') ON CONFLICT (id) DO NOTHING;
INSERT INTO public.itsm_loop_transition_revision (id, transition_id, revision_no, operation, actor_id, reason, snapshot_note, snapshot_artifacts, snapshot_from_stage, snapshot_to_stage, snapshot_action, created_at, workspace_id) VALUES ('01KPT877V1Z6ZXDFY1AJ7QQS3F', '01HTK014ANSWERTR1000000000', 1, 'create', 6, NULL, 'analyze → execute 전이 (seed)', NULL, 'analyze', 'execute', 'advance', '2026-04-20 16:34:42.925341+00', '01JDEFAULTWORKSPACE0000000') ON CONFLICT (id) DO NOTHING;
INSERT INTO public.itsm_loop_transition_revision (id, transition_id, revision_no, operation, actor_id, reason, snapshot_note, snapshot_artifacts, snapshot_from_stage, snapshot_to_stage, snapshot_action, created_at, workspace_id) VALUES ('01KPT877V6SVGYDPXD9NRVW3PG', '01HTK014ANSWERTR2000000000', 1, 'create', 6, NULL, 'execute → verify 전이 (seed)', NULL, 'execute', 'verify', 'advance', '2026-04-21 07:34:42.925341+00', '01JDEFAULTWORKSPACE0000000') ON CONFLICT (id) DO NOTHING;
INSERT INTO public.itsm_loop_transition_revision (id, transition_id, revision_no, operation, actor_id, reason, snapshot_note, snapshot_artifacts, snapshot_from_stage, snapshot_to_stage, snapshot_action, created_at, workspace_id) VALUES ('01KPT877VD5XYACAW1PNXW21B6', '01HTK014ANSWERTR3000000000', 1, 'create', 6, NULL, 'verify → answer 전이 (seed)', NULL, 'verify', 'answer', 'advance', '2026-04-21 22:34:42.925341+00', '01JDEFAULTWORKSPACE0000000') ON CONFLICT (id) DO NOTHING;
INSERT INTO public.itsm_loop_transition_revision (id, transition_id, revision_no, operation, actor_id, reason, snapshot_note, snapshot_artifacts, snapshot_from_stage, snapshot_to_stage, snapshot_action, created_at, workspace_id) VALUES ('01KPT877VHCER66HC2SXSF9WQY', '01HTK015ANSWERTR0000000000', 1, 'create', 6, NULL, 'intake → analyze 전이 (seed)', NULL, 'intake', 'analyze', 'advance', '2026-04-21 04:34:42.925341+00', '01JDEFAULTWORKSPACE0000000') ON CONFLICT (id) DO NOTHING;
INSERT INTO public.itsm_loop_transition_revision (id, transition_id, revision_no, operation, actor_id, reason, snapshot_note, snapshot_artifacts, snapshot_from_stage, snapshot_to_stage, snapshot_action, created_at, workspace_id) VALUES ('01KPT877VM51R5HWNQW27QKSRS', '01HTK015ANSWERTR1000000000', 1, 'create', 6, NULL, 'analyze → execute 전이 (seed)', NULL, 'analyze', 'execute', 'advance', '2026-04-21 10:34:42.925341+00', '01JDEFAULTWORKSPACE0000000') ON CONFLICT (id) DO NOTHING;
INSERT INTO public.itsm_loop_transition_revision (id, transition_id, revision_no, operation, actor_id, reason, snapshot_note, snapshot_artifacts, snapshot_from_stage, snapshot_to_stage, snapshot_action, created_at, workspace_id) VALUES ('01KPT877VS6JXBKKJP6CGQW5X3', '01HTK015ANSWERTR2000000000', 1, 'create', 6, NULL, 'execute → verify 전이 (seed)', NULL, 'execute', 'verify', 'advance', '2026-04-21 16:34:42.925341+00', '01JDEFAULTWORKSPACE0000000') ON CONFLICT (id) DO NOTHING;
INSERT INTO public.itsm_loop_transition_revision (id, transition_id, revision_no, operation, actor_id, reason, snapshot_note, snapshot_artifacts, snapshot_from_stage, snapshot_to_stage, snapshot_action, created_at, workspace_id) VALUES ('01KPT877VWAYD7R7ZDD6ZSQB0H', '01HTK015ANSWERTR3000000000', 1, 'create', 6, NULL, 'verify → answer 전이 (seed)', NULL, 'verify', 'answer', 'advance', '2026-04-21 22:34:42.925341+00', '01JDEFAULTWORKSPACE0000000') ON CONFLICT (id) DO NOTHING;
INSERT INTO public.itsm_loop_transition_revision (id, transition_id, revision_no, operation, actor_id, reason, snapshot_note, snapshot_artifacts, snapshot_from_stage, snapshot_to_stage, snapshot_action, created_at, workspace_id) VALUES ('01KPT877W04J2ZP4QXB3498VWF', '01HTK016CLOSEDTR0000000000', 1, 'create', 6, NULL, 'intake → analyze 전이 (seed)', NULL, 'intake', 'analyze', 'advance', '2026-04-18 17:46:42.925341+00', '01JDEFAULTWORKSPACE0000000') ON CONFLICT (id) DO NOTHING;
INSERT INTO public.itsm_loop_transition_revision (id, transition_id, revision_no, operation, actor_id, reason, snapshot_note, snapshot_artifacts, snapshot_from_stage, snapshot_to_stage, snapshot_action, created_at, workspace_id) VALUES ('01KPT877WBD6MDZ2KBGVF729C6', '01HTK016CLOSEDTR1000000000', 1, 'create', 6, NULL, 'analyze → execute 전이 (seed)', NULL, 'analyze', 'execute', 'advance', '2026-04-19 12:58:42.925341+00', '01JDEFAULTWORKSPACE0000000') ON CONFLICT (id) DO NOTHING;
INSERT INTO public.itsm_loop_transition_revision (id, transition_id, revision_no, operation, actor_id, reason, snapshot_note, snapshot_artifacts, snapshot_from_stage, snapshot_to_stage, snapshot_action, created_at, workspace_id) VALUES ('01KPT877WH6T0B1NJFF1BWJ6VB', '01HTK016CLOSEDTR2000000000', 1, 'create', 6, NULL, 'execute → verify 전이 (seed)', NULL, 'execute', 'verify', 'advance', '2026-04-20 08:10:42.925341+00', '01JDEFAULTWORKSPACE0000000') ON CONFLICT (id) DO NOTHING;
INSERT INTO public.itsm_loop_transition_revision (id, transition_id, revision_no, operation, actor_id, reason, snapshot_note, snapshot_artifacts, snapshot_from_stage, snapshot_to_stage, snapshot_action, created_at, workspace_id) VALUES ('01KPT877WM78SA8T0BK1XD0TCG', '01HTK016CLOSEDTR3000000000', 1, 'create', 6, NULL, 'verify → answer 전이 (seed)', NULL, 'verify', 'answer', 'advance', '2026-04-21 03:22:42.925341+00', '01JDEFAULTWORKSPACE0000000') ON CONFLICT (id) DO NOTHING;
INSERT INTO public.itsm_loop_transition_revision (id, transition_id, revision_no, operation, actor_id, reason, snapshot_note, snapshot_artifacts, snapshot_from_stage, snapshot_to_stage, snapshot_action, created_at, workspace_id) VALUES ('01KPT877WP331CF1GZFY6QH8RA', '01HTK016CLOSEDTR4000000000', 1, 'create', 6, NULL, 'answer → closed 전이 (seed)', NULL, 'answer', 'closed', 'advance', '2026-04-21 21:58:42.925341+00', '01JDEFAULTWORKSPACE0000000') ON CONFLICT (id) DO NOTHING;
INSERT INTO public.itsm_loop_transition_revision (id, transition_id, revision_no, operation, actor_id, reason, snapshot_note, snapshot_artifacts, snapshot_from_stage, snapshot_to_stage, snapshot_action, created_at, workspace_id) VALUES ('01KPT877WSD53X84KQBSJ4PVVJ', '01HTK017CLOSEDTR0000000000', 1, 'create', 6, NULL, 'intake → analyze 전이 (seed)', NULL, 'intake', 'analyze', 'advance', '2026-04-19 12:58:42.925341+00', '01JDEFAULTWORKSPACE0000000') ON CONFLICT (id) DO NOTHING;
INSERT INTO public.itsm_loop_transition_revision (id, transition_id, revision_no, operation, actor_id, reason, snapshot_note, snapshot_artifacts, snapshot_from_stage, snapshot_to_stage, snapshot_action, created_at, workspace_id) VALUES ('01KPT877WXNW2TFRWZCNAJWKX3', '01HTK017CLOSEDTR1000000000', 1, 'create', 6, NULL, 'analyze → execute 전이 (seed)', NULL, 'analyze', 'execute', 'advance', '2026-04-20 03:22:42.925341+00', '01JDEFAULTWORKSPACE0000000') ON CONFLICT (id) DO NOTHING;
INSERT INTO public.itsm_loop_transition_revision (id, transition_id, revision_no, operation, actor_id, reason, snapshot_note, snapshot_artifacts, snapshot_from_stage, snapshot_to_stage, snapshot_action, created_at, workspace_id) VALUES ('01KPT877X053Z339QE31CJ1FHD', '01HTK017CLOSEDTR2000000000', 1, 'create', 6, NULL, 'execute → verify 전이 (seed)', NULL, 'execute', 'verify', 'advance', '2026-04-20 17:46:42.925341+00', '01JDEFAULTWORKSPACE0000000') ON CONFLICT (id) DO NOTHING;
INSERT INTO public.itsm_loop_transition_revision (id, transition_id, revision_no, operation, actor_id, reason, snapshot_note, snapshot_artifacts, snapshot_from_stage, snapshot_to_stage, snapshot_action, created_at, workspace_id) VALUES ('01KPT877X2MG0G0GGKT3RXFN5D', '01HTK017CLOSEDTR3000000000', 1, 'create', 6, NULL, 'verify → answer 전이 (seed)', NULL, 'verify', 'answer', 'advance', '2026-04-21 08:10:42.925341+00', '01JDEFAULTWORKSPACE0000000') ON CONFLICT (id) DO NOTHING;
INSERT INTO public.itsm_loop_transition_revision (id, transition_id, revision_no, operation, actor_id, reason, snapshot_note, snapshot_artifacts, snapshot_from_stage, snapshot_to_stage, snapshot_action, created_at, workspace_id) VALUES ('01KPT877X7YXY72Y98CV385KXC', '01HTK017CLOSEDTR4000000000', 1, 'create', 6, NULL, 'answer → closed 전이 (seed)', NULL, 'answer', 'closed', 'advance', '2026-04-21 22:16:42.925341+00', '01JDEFAULTWORKSPACE0000000') ON CONFLICT (id) DO NOTHING;
INSERT INTO public.itsm_loop_transition_revision (id, transition_id, revision_no, operation, actor_id, reason, snapshot_note, snapshot_artifacts, snapshot_from_stage, snapshot_to_stage, snapshot_action, created_at, workspace_id) VALUES ('01KPT877XDAZ6DWRHDW847Y78R', '01HTK018CLOSEDTR0000000000', 1, 'create', 6, NULL, 'intake → analyze 전이 (seed)', NULL, 'intake', 'analyze', 'advance', '2026-04-16 08:10:42.925341+00', '01JDEFAULTWORKSPACE0000000') ON CONFLICT (id) DO NOTHING;
INSERT INTO public.itsm_loop_transition_revision (id, transition_id, revision_no, operation, actor_id, reason, snapshot_note, snapshot_artifacts, snapshot_from_stage, snapshot_to_stage, snapshot_action, created_at, workspace_id) VALUES ('01KPT877XRE89E7QJRHJ81ZQG5', '01HTK018CLOSEDTR1000000000', 1, 'create', 6, NULL, 'analyze → execute 전이 (seed)', NULL, 'analyze', 'execute', 'advance', '2026-04-17 17:46:42.925341+00', '01JDEFAULTWORKSPACE0000000') ON CONFLICT (id) DO NOTHING;
INSERT INTO public.itsm_loop_transition_revision (id, transition_id, revision_no, operation, actor_id, reason, snapshot_note, snapshot_artifacts, snapshot_from_stage, snapshot_to_stage, snapshot_action, created_at, workspace_id) VALUES ('01KPT877XW62DDEKM1ARCR3PGS', '01HTK018CLOSEDTR2000000000', 1, 'create', 6, NULL, 'execute → verify 전이 (seed)', NULL, 'execute', 'verify', 'advance', '2026-04-19 03:22:42.925341+00', '01JDEFAULTWORKSPACE0000000') ON CONFLICT (id) DO NOTHING;
INSERT INTO public.itsm_loop_transition_revision (id, transition_id, revision_no, operation, actor_id, reason, snapshot_note, snapshot_artifacts, snapshot_from_stage, snapshot_to_stage, snapshot_action, created_at, workspace_id) VALUES ('01KPT877XZC6XNS03VVDKPAS1B', '01HTK018CLOSEDTR3000000000', 1, 'create', 6, NULL, 'verify → answer 전이 (seed)', NULL, 'verify', 'answer', 'advance', '2026-04-20 12:58:42.925341+00', '01JDEFAULTWORKSPACE0000000') ON CONFLICT (id) DO NOTHING;
INSERT INTO public.itsm_loop_transition_revision (id, transition_id, revision_no, operation, actor_id, reason, snapshot_note, snapshot_artifacts, snapshot_from_stage, snapshot_to_stage, snapshot_action, created_at, workspace_id) VALUES ('01KPT877Y3WK92HS1NRBJMJYM9', '01HTK018CLOSEDTR4000000000', 1, 'create', 6, NULL, 'answer → closed 전이 (seed)', NULL, 'answer', 'closed', 'advance', '2026-04-21 22:22:42.925341+00', '01JDEFAULTWORKSPACE0000000') ON CONFLICT (id) DO NOTHING;
INSERT INTO public.itsm_loop_transition_revision (id, transition_id, revision_no, operation, actor_id, reason, snapshot_note, snapshot_artifacts, snapshot_from_stage, snapshot_to_stage, snapshot_action, created_at, workspace_id) VALUES ('01KPT877Y917ZGRT6BG88M48GX', '01HTK018CLOSEDTRRE00000000', 1, 'create', 6, NULL, '고객 재요청으로 재오픈 (seed)', NULL, 'closed', 'intake', 'reopen', '2026-04-18 10:34:42.925341+00', '01JDEFAULTWORKSPACE0000000') ON CONFLICT (id) DO NOTHING;
INSERT INTO public.itsm_loop_transition_revision (id, transition_id, revision_no, operation, actor_id, reason, snapshot_note, snapshot_artifacts, snapshot_from_stage, snapshot_to_stage, snapshot_action, created_at, workspace_id) VALUES ('01KPT877YDQJBXMP9ZPPT29W9N', '01KPSGQWZFGE59MT0G5P85RN6Y', 1, 'create', 5, NULL, '다음 사람이 작업해 줘요', NULL, 'intake', 'analyze', 'advance', '2026-04-22 02:36:38.274575+00', '01JDEFAULTWORKSPACE0000000') ON CONFLICT (id) DO NOTHING;
INSERT INTO public.itsm_loop_transition_revision (id, transition_id, revision_no, operation, actor_id, reason, snapshot_note, snapshot_artifacts, snapshot_from_stage, snapshot_to_stage, snapshot_action, created_at, workspace_id) VALUES ('01KPT877YHPZMZQ16PTFM1PB8S', '01KPSXEWXCT07695V46VXHJZ1M', 1, 'create', 5, NULL, 'intake', NULL, NULL, 'intake', 'advance', '2026-04-22 06:18:54.775068+00', '01JDEFAULTWORKSPACE0000000') ON CONFLICT (id) DO NOTHING;
INSERT INTO public.itsm_loop_transition_revision (id, transition_id, revision_no, operation, actor_id, reason, snapshot_note, snapshot_artifacts, snapshot_from_stage, snapshot_to_stage, snapshot_action, created_at, workspace_id) VALUES ('01KPT877YNEKDNR2E4EP2QT1R7', '01KPSXFQH3QRPV41DPH1TAWG95', 1, 'create', 5, NULL, '1단계 처리 완료', NULL, 'intake', 'analyze', 'advance', '2026-04-22 06:19:22.033087+00', '01JDEFAULTWORKSPACE0000000') ON CONFLICT (id) DO NOTHING;
INSERT INTO public.itsm_loop_transition_revision (id, transition_id, revision_no, operation, actor_id, reason, snapshot_note, snapshot_artifacts, snapshot_from_stage, snapshot_to_stage, snapshot_action, created_at, workspace_id) VALUES ('01KPT877YR718Z7A4KX1F5NF1M', '01KPT1K27RE9DTJ9NPMPTWWZYE', 1, 'create', 5, NULL, '다음 단계로 가자........................', NULL, 'analyze', 'execute', 'advance', '2026-04-22 07:31:05.603451+00', '01JDEFAULTWORKSPACE0000000') ON CONFLICT (id) DO NOTHING;
INSERT INTO public.itsm_loop_transition_revision (id, transition_id, revision_no, operation, actor_id, reason, snapshot_note, snapshot_artifacts, snapshot_from_stage, snapshot_to_stage, snapshot_action, created_at, workspace_id) VALUES ('01KPT8EW61R28K8NRHXWRW05F5', '01KPSXEWXCT07695V46VXHJZ1M', 2, 'edit', 5, 'phase D smoke', 'intake (edited via smoke)', 'null', NULL, 'intake', 'advance', '2026-04-22 09:31:08.405258+00', '01JDEFAULTWORKSPACE0000000') ON CONFLICT (id) DO NOTHING;
INSERT INTO public.itsm_loop_transition_revision (id, transition_id, revision_no, operation, actor_id, reason, snapshot_note, snapshot_artifacts, snapshot_from_stage, snapshot_to_stage, snapshot_action, created_at, workspace_id) VALUES ('01KPT8EWMBN5JA6N998DZHMQH6', '01KPSXEWXCT07695V46VXHJZ1M', 3, 'delete', 5, 'smoke delete', 'intake (edited via smoke)', 'null', NULL, 'intake', 'advance', '2026-04-22 09:31:08.818598+00', '01JDEFAULTWORKSPACE0000000') ON CONFLICT (id) DO NOTHING;
INSERT INTO public.itsm_loop_transition_revision (id, transition_id, revision_no, operation, actor_id, reason, snapshot_note, snapshot_artifacts, snapshot_from_stage, snapshot_to_stage, snapshot_action, created_at, workspace_id) VALUES ('01KPT8EXB8MBKSFM1D3540EC2F', '01KPSXEWXCT07695V46VXHJZ1M', 4, 'restore', 5, 'smoke restore', 'intake (edited via smoke)', 'null', NULL, 'intake', 'advance', '2026-04-22 09:31:09.560278+00', '01JDEFAULTWORKSPACE0000000') ON CONFLICT (id) DO NOTHING;
INSERT INTO public.itsm_loop_transition_revision (id, transition_id, revision_no, operation, actor_id, reason, snapshot_note, snapshot_artifacts, snapshot_from_stage, snapshot_to_stage, snapshot_action, created_at, workspace_id) VALUES ('01KPT8EYDTHVBPN2ZP88C64J3K', '01KPSXEWXCT07695V46VXHJZ1M', 5, 'revert', 5, 'smoke revert', 'intake', 'null', NULL, 'intake', 'advance', '2026-04-22 09:31:10.659112+00', '01JDEFAULTWORKSPACE0000000') ON CONFLICT (id) DO NOTHING;
INSERT INTO public.itsm_loop_transition_revision (id, transition_id, revision_no, operation, actor_id, reason, snapshot_note, snapshot_artifacts, snapshot_from_stage, snapshot_to_stage, snapshot_action, created_at, workspace_id) VALUES ('01KPTD72RN85MSVA5RWSQ7DDGN', '01HTK005ANALYZETR000000000', 2, 'edit', 5, NULL, 'dfda;lfjd;lfjd;lfjd;lfj;dlajf;ldsjfl;', 'null', 'intake', 'analyze', 'advance', '2026-04-22 10:54:15.870976+00', '01JDEFAULTWORKSPACE0000000') ON CONFLICT (id) DO NOTHING;
INSERT INTO public.itsm_loop_transition_revision (id, transition_id, revision_no, operation, actor_id, reason, snapshot_note, snapshot_artifacts, snapshot_from_stage, snapshot_to_stage, snapshot_action, created_at, workspace_id) VALUES ('01KPTD7Q01EGA0DDAQ3MAW4015', '01HTK005ANALYZETR000000000', 3, 'revert', 5, 'revert to #1', 'intake → analyze 전이 (seed)', 'null', 'intake', 'analyze', 'advance', '2026-04-22 10:54:36.563823+00', '01JDEFAULTWORKSPACE0000000') ON CONFLICT (id) DO NOTHING;
INSERT INTO public.itsm_loop_transition_revision (id, transition_id, revision_no, operation, actor_id, reason, snapshot_note, snapshot_artifacts, snapshot_from_stage, snapshot_to_stage, snapshot_action, created_at, workspace_id) VALUES ('01KPTF94ZK2FRE7ZG844T74FJE', '01KPTDBGHPE2YFF91AMFPY2RPS', 1, 'create', 5, NULL, '테스트 입니다.', NULL, 'analyze', 'execute', 'advance', '2026-04-22 10:56:41.040112+00', '01JDEFAULTWORKSPACE0000000') ON CONFLICT (id) DO NOTHING;
INSERT INTO public.itsm_loop_transition_revision (id, transition_id, revision_no, operation, actor_id, reason, snapshot_note, snapshot_artifacts, snapshot_from_stage, snapshot_to_stage, snapshot_action, created_at, workspace_id) VALUES ('01KPVHVK2JD3GCGBDQNFDMM2DB', '01KPVH57E9NW5S635B3F0JJSE2', 1, 'create', 5, NULL, NULL, NULL, 'execute', 'verify', 'advance', '2026-04-22 21:22:24.059905+00', '01JDEFAULTWORKSPACE0000000') ON CONFLICT (id) DO NOTHING;
INSERT INTO public.itsm_loop_transition_revision (id, transition_id, revision_no, operation, actor_id, reason, snapshot_note, snapshot_artifacts, snapshot_from_stage, snapshot_to_stage, snapshot_action, created_at, workspace_id) VALUES ('01KPVHVK3AWXB5T8ARVG3G6537', '01KPVH5FPK0QRJAW1XSVD5TP3X', 1, 'create', 5, NULL, NULL, NULL, 'execute', 'verify', 'advance', '2026-04-22 21:22:32.28264+00', '01JDEFAULTWORKSPACE0000000') ON CONFLICT (id) DO NOTHING;
INSERT INTO public.itsm_loop_transition_revision (id, transition_id, revision_no, operation, actor_id, reason, snapshot_note, snapshot_artifacts, snapshot_from_stage, snapshot_to_stage, snapshot_action, created_at, workspace_id) VALUES ('01KPVHVK3GE78WJJ8NG5DV2QQ4', '01KPVH5R3T0CWX0VWN2A53GJ08', 1, 'create', 5, NULL, NULL, NULL, 'verify', 'answer', 'advance', '2026-04-22 21:22:40.892843+00', '01JDEFAULTWORKSPACE0000000') ON CONFLICT (id) DO NOTHING;
INSERT INTO public.itsm_loop_transition_revision (id, transition_id, revision_no, operation, actor_id, reason, snapshot_note, snapshot_artifacts, snapshot_from_stage, snapshot_to_stage, snapshot_action, created_at, workspace_id) VALUES ('01KPVHVK3QVVNB8EJ91W3N75WT', '01KPVH5YPZB859AW3X0Z0WA1H8', 1, 'create', 5, NULL, NULL, NULL, 'answer', 'closed', 'advance', '2026-04-22 21:22:47.65004+00', '01JDEFAULTWORKSPACE0000000') ON CONFLICT (id) DO NOTHING;
INSERT INTO public.itsm_loop_transition_revision (id, transition_id, revision_no, operation, actor_id, reason, snapshot_note, snapshot_artifacts, snapshot_from_stage, snapshot_to_stage, snapshot_action, created_at, workspace_id) VALUES ('01KPVHVK3TD0K4Y7WM5D9SE8BH', '01KPVH8ZN6FR1RCA8CKP5N3NGK', 1, 'create', 5, NULL, NULL, NULL, 'analyze', 'execute', 'advance', '2026-04-22 21:24:26.925319+00', '01JDEFAULTWORKSPACE0000000') ON CONFLICT (id) DO NOTHING;
INSERT INTO public.itsm_loop_transition_revision (id, transition_id, revision_no, operation, actor_id, reason, snapshot_note, snapshot_artifacts, snapshot_from_stage, snapshot_to_stage, snapshot_action, created_at, workspace_id) VALUES ('01KPVHVK3YMS48DR3N9BG1XQPB', '01KPVH93JS8KT3GBCC3TAJXM1W', 1, 'create', 5, NULL, NULL, NULL, 'analyze', 'execute', 'advance', '2026-04-22 21:24:30.939043+00', '01JDEFAULTWORKSPACE0000000') ON CONFLICT (id) DO NOTHING;
INSERT INTO public.itsm_loop_transition_revision (id, transition_id, revision_no, operation, actor_id, reason, snapshot_note, snapshot_artifacts, snapshot_from_stage, snapshot_to_stage, snapshot_action, created_at, workspace_id) VALUES ('01KPVHVK430F5TFGJQ3EE9BBE0', '01KPVH95WHPD0C7G7NK8YRJD0Z', 1, 'create', 5, NULL, NULL, NULL, 'execute', 'verify', 'advance', '2026-04-22 21:24:33.298357+00', '01JDEFAULTWORKSPACE0000000') ON CONFLICT (id) DO NOTHING;
INSERT INTO public.itsm_loop_transition_revision (id, transition_id, revision_no, operation, actor_id, reason, snapshot_note, snapshot_artifacts, snapshot_from_stage, snapshot_to_stage, snapshot_action, created_at, workspace_id) VALUES ('01KPVHVK4EZ1KZG36QQTCHKZF0', '01KPVH97JJTBZA5B1F0GMY4KV0', 1, 'create', 5, NULL, NULL, NULL, 'execute', 'analyze', 'rollback', '2026-04-22 21:24:35.027266+00', '01JDEFAULTWORKSPACE0000000') ON CONFLICT (id) DO NOTHING;
INSERT INTO public.itsm_loop_transition_revision (id, transition_id, revision_no, operation, actor_id, reason, snapshot_note, snapshot_artifacts, snapshot_from_stage, snapshot_to_stage, snapshot_action, created_at, workspace_id) VALUES ('01KPVJPDQ87W7974G4BV27E317', '01KPVJ92DT0NCRMF33MC7K75S3', 1, 'create', 5, NULL, NULL, NULL, 'execute', 'verify', 'advance', '2026-04-22 21:41:58.339573+00', '01JDEFAULTWORKSPACE0000000') ON CONFLICT (id) DO NOTHING;
INSERT INTO public.itsm_loop_transition_revision (id, transition_id, revision_no, operation, actor_id, reason, snapshot_note, snapshot_artifacts, snapshot_from_stage, snapshot_to_stage, snapshot_action, created_at, workspace_id) VALUES ('01KPVJPDQX49RY0WK6M4XTBJAF', '01KPVJ97Y3530N126J6503Y31J', 1, 'create', 5, NULL, NULL, NULL, 'verify', 'execute', 'rollback', '2026-04-22 21:42:03.975011+00', '01JDEFAULTWORKSPACE0000000') ON CONFLICT (id) DO NOTHING;
INSERT INTO public.itsm_loop_transition_revision (id, transition_id, revision_no, operation, actor_id, reason, snapshot_note, snapshot_artifacts, snapshot_from_stage, snapshot_to_stage, snapshot_action, created_at, workspace_id) VALUES ('01KPVJPDR2A1X6Y9BG04QZTT0W', '01KPVJ9GT4J2BP2MZPGKWZBHDP', 1, 'create', 5, NULL, NULL, NULL, 'verify', 'execute', 'rollback', '2026-04-22 21:42:13.06136+00', '01JDEFAULTWORKSPACE0000000') ON CONFLICT (id) DO NOTHING;
INSERT INTO public.itsm_loop_transition_revision (id, transition_id, revision_no, operation, actor_id, reason, snapshot_note, snapshot_artifacts, snapshot_from_stage, snapshot_to_stage, snapshot_action, created_at, workspace_id) VALUES ('01KPVJPDR7NQ3RJBKW206WT4G4', '01KPVJ9MW2N11180H6925Y2JKM', 1, 'create', 5, NULL, NULL, NULL, 'verify', 'execute', 'rollback', '2026-04-22 21:42:17.219342+00', '01JDEFAULTWORKSPACE0000000') ON CONFLICT (id) DO NOTHING;
INSERT INTO public.itsm_loop_transition_revision (id, transition_id, revision_no, operation, actor_id, reason, snapshot_note, snapshot_artifacts, snapshot_from_stage, snapshot_to_stage, snapshot_action, created_at, workspace_id) VALUES ('01KPVJPDREQ6ZMM7561AV5W4C9', '01KPVJGA0XN9YWX48P6FZNP3NS', 1, 'create', 5, NULL, NULL, NULL, 'verify', 'answer', 'advance', '2026-04-22 21:45:55.605627+00', '01JDEFAULTWORKSPACE0000000') ON CONFLICT (id) DO NOTHING;
INSERT INTO public.itsm_loop_transition_revision (id, transition_id, revision_no, operation, actor_id, reason, snapshot_note, snapshot_artifacts, snapshot_from_stage, snapshot_to_stage, snapshot_action, created_at, workspace_id) VALUES ('01KPVJPDRMZBMG1P1WCKQM5KD7', '01KPVJ9AV4CCSXMGZ2VBB7YXS7', 1, 'create', 5, NULL, NULL, NULL, 'execute', 'verify', 'advance', '2026-04-22 21:42:06.950575+00', '01JDEFAULTWORKSPACE0000000') ON CONFLICT (id) DO NOTHING;
INSERT INTO public.itsm_loop_transition_revision (id, transition_id, revision_no, operation, actor_id, reason, snapshot_note, snapshot_artifacts, snapshot_from_stage, snapshot_to_stage, snapshot_action, created_at, workspace_id) VALUES ('01KPVJPDS3HVWSJ02PHAVY0QQ6', '01KPVJ9E6AS1F11J7ZNQX6H12A', 1, 'create', 5, NULL, NULL, NULL, 'execute', 'verify', 'advance', '2026-04-22 21:42:10.379088+00', '01JDEFAULTWORKSPACE0000000') ON CONFLICT (id) DO NOTHING;
INSERT INTO public.itsm_loop_transition_revision (id, transition_id, revision_no, operation, actor_id, reason, snapshot_note, snapshot_artifacts, snapshot_from_stage, snapshot_to_stage, snapshot_action, created_at, workspace_id) VALUES ('01KPW4QH5HGJCTFR9RHSX7STVW', '01KPVK27N84PHQ7KSJ9XYXZNVK', 1, 'create', 5, NULL, 'Kanban UI 되돌리기', NULL, 'verify', 'execute', 'rollback', '2026-04-22 21:55:42.88973+00', '01JDEFAULTWORKSPACE0000000') ON CONFLICT (id) DO NOTHING;
INSERT INTO public.itsm_loop_transition_revision (id, transition_id, revision_no, operation, actor_id, reason, snapshot_note, snapshot_artifacts, snapshot_from_stage, snapshot_to_stage, snapshot_action, created_at, workspace_id) VALUES ('01KPW4QH7MBZB74JVAX9752HMR', '01KPVK2JMK5EPZ6YMVVXF6G086', 1, 'create', 5, NULL, NULL, NULL, 'execute', 'verify', 'advance', '2026-04-22 21:55:54.132618+00', '01JDEFAULTWORKSPACE0000000') ON CONFLICT (id) DO NOTHING;
INSERT INTO public.itsm_loop_transition_revision (id, transition_id, revision_no, operation, actor_id, reason, snapshot_note, snapshot_artifacts, snapshot_from_stage, snapshot_to_stage, snapshot_action, created_at, workspace_id) VALUES ('01KPW4QH7SBB2RCJW13DSJVXQN', '01KPVK2NDSRY11VNWZM33TDH2Z', 1, 'create', 5, NULL, 'Kanban UI 되돌리기', NULL, 'verify', 'execute', 'rollback', '2026-04-22 21:55:56.98577+00', '01JDEFAULTWORKSPACE0000000') ON CONFLICT (id) DO NOTHING;
INSERT INTO public.itsm_loop_transition_revision (id, transition_id, revision_no, operation, actor_id, reason, snapshot_note, snapshot_artifacts, snapshot_from_stage, snapshot_to_stage, snapshot_action, created_at, workspace_id) VALUES ('01KPW4QH7YYRM8XZE4HSRMTN7S', '01KPVKAZNF4GX5WWG8B3VZJKG2', 1, 'create', 5, NULL, NULL, NULL, 'verify', 'execute', 'rollback', '2026-04-22 22:00:29.616665+00', '01JDEFAULTWORKSPACE0000000') ON CONFLICT (id) DO NOTHING;
INSERT INTO public.itsm_loop_transition_revision (id, transition_id, revision_no, operation, actor_id, reason, snapshot_note, snapshot_artifacts, snapshot_from_stage, snapshot_to_stage, snapshot_action, created_at, workspace_id) VALUES ('01KPW4QH83ZV0J75BRBRFGVBDE', '01KPVKB1FEXBWGTQTKPYE79D94', 1, 'create', 5, NULL, NULL, NULL, 'execute', 'analyze', 'rollback', '2026-04-22 22:00:31.471005+00', '01JDEFAULTWORKSPACE0000000') ON CONFLICT (id) DO NOTHING;
INSERT INTO public.itsm_loop_transition_revision (id, transition_id, revision_no, operation, actor_id, reason, snapshot_note, snapshot_artifacts, snapshot_from_stage, snapshot_to_stage, snapshot_action, created_at, workspace_id) VALUES ('01KPW4QH8CJ8N98TH5Q169PNSK', '01KPVKBAB8FM6TBGG0KHS7DEFD', 1, 'create', 5, NULL, NULL, NULL, 'execute', 'analyze', 'rollback', '2026-04-22 22:00:40.559823+00', '01JDEFAULTWORKSPACE0000000') ON CONFLICT (id) DO NOTHING;
INSERT INTO public.itsm_loop_transition_revision (id, transition_id, revision_no, operation, actor_id, reason, snapshot_note, snapshot_artifacts, snapshot_from_stage, snapshot_to_stage, snapshot_action, created_at, workspace_id) VALUES ('01KPW4QH8H2VTPQ8N7PF1VR3PP', '01KPVKBF54BD2FXK3QR87V2V2Q', 1, 'create', 5, NULL, NULL, NULL, 'execute', 'verify', 'advance', '2026-04-22 22:00:45.476884+00', '01JDEFAULTWORKSPACE0000000') ON CONFLICT (id) DO NOTHING;
INSERT INTO public.itsm_loop_transition_revision (id, transition_id, revision_no, operation, actor_id, reason, snapshot_note, snapshot_artifacts, snapshot_from_stage, snapshot_to_stage, snapshot_action, created_at, workspace_id) VALUES ('01KPW4QH8NS64SS29YFS92ZHSM', '01KPW2DQQHGZ0TAJCXMHNWR7PN', 1, 'create', 5, NULL, NULL, NULL, 'verify', 'answer', 'advance', '2026-04-23 02:24:08.460456+00', '01JDEFAULTWORKSPACE0000000') ON CONFLICT (id) DO NOTHING;
INSERT INTO public.itsm_loop_transition_revision (id, transition_id, revision_no, operation, actor_id, reason, snapshot_note, snapshot_artifacts, snapshot_from_stage, snapshot_to_stage, snapshot_action, created_at, workspace_id) VALUES ('01KPW4QH8YBNG9M9W73XWJ47EM', '01KPW2E22PS70K24Z5G3E4YX3D', 1, 'create', 5, NULL, NULL, NULL, 'verify', 'execute', 'rollback', '2026-04-23 02:24:19.031566+00', '01JDEFAULTWORKSPACE0000000') ON CONFLICT (id) DO NOTHING;
INSERT INTO public.itsm_loop_transition_revision (id, transition_id, revision_no, operation, actor_id, reason, snapshot_note, snapshot_artifacts, snapshot_from_stage, snapshot_to_stage, snapshot_action, created_at, workspace_id) VALUES ('01KPW4QH928TA1NFSF9KZJXXWF', '01KPW2ES7EMNFJCSNTD7KX8JTA', 1, 'create', 5, NULL, NULL, NULL, 'analyze', 'execute', 'advance', '2026-04-23 02:24:42.7355+00', '01JDEFAULTWORKSPACE0000000') ON CONFLICT (id) DO NOTHING;
INSERT INTO public.itsm_loop_transition_revision (id, transition_id, revision_no, operation, actor_id, reason, snapshot_note, snapshot_artifacts, snapshot_from_stage, snapshot_to_stage, snapshot_action, created_at, workspace_id) VALUES ('01KPW4QH96DPE3A7W2FSBVK7XE', '01KPVK21KWXJN05B96MFQJ97BF', 1, 'create', 5, NULL, NULL, NULL, 'execute', 'verify', 'advance', '2026-04-22 21:55:36.711808+00', '01JDEFAULTWORKSPACE0000000') ON CONFLICT (id) DO NOTHING;
INSERT INTO public.itsm_loop_transition_revision (id, transition_id, revision_no, operation, actor_id, reason, snapshot_note, snapshot_artifacts, snapshot_from_stage, snapshot_to_stage, snapshot_action, created_at, workspace_id) VALUES ('01KPW4QH9PG2SQY2AHTTBMNN9G', '01KPVKAXWVRYDZ2FYS4ND6JPZV', 1, 'create', 5, NULL, NULL, NULL, 'execute', 'verify', 'advance', '2026-04-22 22:00:27.842638+00', '01JDEFAULTWORKSPACE0000000') ON CONFLICT (id) DO NOTHING;
INSERT INTO public.itsm_loop_transition_revision (id, transition_id, revision_no, operation, actor_id, reason, snapshot_note, snapshot_artifacts, snapshot_from_stage, snapshot_to_stage, snapshot_action, created_at, workspace_id) VALUES ('01KPW4QH9T9FC552K30T88PC5P', '01KPVKB3EWTEWM714QP0SEF6BW', 1, 'create', 5, NULL, NULL, NULL, 'analyze', 'execute', 'advance', '2026-04-22 22:00:33.501518+00', '01JDEFAULTWORKSPACE0000000') ON CONFLICT (id) DO NOTHING;
INSERT INTO public.itsm_loop_transition_revision (id, transition_id, revision_no, operation, actor_id, reason, snapshot_note, snapshot_artifacts, snapshot_from_stage, snapshot_to_stage, snapshot_action, created_at, workspace_id) VALUES ('01KPW4QH9ZMPW5GMM6JWHFYHNG', '01KPVKBDF8K5KYAAPED0TW3Q86', 1, 'create', 5, NULL, NULL, NULL, 'analyze', 'execute', 'advance', '2026-04-22 22:00:43.753585+00', '01JDEFAULTWORKSPACE0000000') ON CONFLICT (id) DO NOTHING;
INSERT INTO public.itsm_loop_transition_revision (id, transition_id, revision_no, operation, actor_id, reason, snapshot_note, snapshot_artifacts, snapshot_from_stage, snapshot_to_stage, snapshot_action, created_at, workspace_id) VALUES ('01KPW4QHA7DEBPEAG3BWY599J9', '01KPVKBG8VWZ9N8K4SVPT1SKJ9', 1, 'create', 5, NULL, NULL, NULL, 'verify', 'answer', 'advance', '2026-04-22 22:00:46.627301+00', '01JDEFAULTWORKSPACE0000000') ON CONFLICT (id) DO NOTHING;
INSERT INTO public.itsm_loop_transition_revision (id, transition_id, revision_no, operation, actor_id, reason, snapshot_note, snapshot_artifacts, snapshot_from_stage, snapshot_to_stage, snapshot_action, created_at, workspace_id) VALUES ('01KPW4QHABTS3H0FDYZRBMFVYW', '01KPW2E13PAA539Z6VPX4SANXX', 1, 'create', 5, NULL, NULL, NULL, 'execute', 'verify', 'advance', '2026-04-23 02:24:18.03949+00', '01JDEFAULTWORKSPACE0000000') ON CONFLICT (id) DO NOTHING;
INSERT INTO public.itsm_loop_transition_revision (id, transition_id, revision_no, operation, actor_id, reason, snapshot_note, snapshot_artifacts, snapshot_from_stage, snapshot_to_stage, snapshot_action, created_at, workspace_id) VALUES ('01KPW4QHAFZXANE73ZE26PGZZ7', '01KPW2EB332RF08KJWHDT8QNFB', 1, 'create', 5, NULL, NULL, NULL, 'execute', 'analyze', 'rollback', '2026-04-23 02:24:28.266136+00', '01JDEFAULTWORKSPACE0000000') ON CONFLICT (id) DO NOTHING;
INSERT INTO public.itsm_loop_transition_revision (id, transition_id, revision_no, operation, actor_id, reason, snapshot_note, snapshot_artifacts, snapshot_from_stage, snapshot_to_stage, snapshot_action, created_at, workspace_id) VALUES ('01KPW4QHAPT4R6234YWWDEP8JW', '01KPW2ETS4DYHEB6JHKS7A2YR7', 1, 'create', 5, NULL, NULL, NULL, 'execute', 'analyze', 'rollback', '2026-04-23 02:24:44.327327+00', '01JDEFAULTWORKSPACE0000000') ON CONFLICT (id) DO NOTHING;

-- ── itsm_sla_tier (4 rows) ─────────────────────────
INSERT INTO public.itsm_sla_tier (id, code, name, description, priority_matrix, business_hours, active, created_at, updated_at, workspace_id) VALUES ('01HSLATIERPLATINUM00000000', 'PLATINUM', 'Platinum', '최상위 등급 — 24/7, 15분 응답 / 4시간 해결 (critical)', '{"low": {"response": 120, "resolution": 2880}, "high": {"response": 30, "resolution": 480}, "normal": {"response": 60, "resolution": 1440}, "critical": {"response": 15, "resolution": 240}}', NULL, true, '2026-04-21 14:27:38.566613+00', '2026-04-21 14:27:38.566613+00', '01JDEFAULTWORKSPACE0000000') ON CONFLICT (id) DO NOTHING;
INSERT INTO public.itsm_sla_tier (id, code, name, description, priority_matrix, business_hours, active, created_at, updated_at, workspace_id) VALUES ('01HSLATIERGOLD000000000000', 'GOLD', 'Gold', '상위 등급 — 30분 응답 / 8시간 해결 (critical)', '{"low": {"response": 240, "resolution": 5760}, "high": {"response": 60, "resolution": 960}, "normal": {"response": 120, "resolution": 2880}, "critical": {"response": 30, "resolution": 480}}', NULL, true, '2026-04-21 14:27:38.566613+00', '2026-04-21 14:27:38.566613+00', '01JDEFAULTWORKSPACE0000000') ON CONFLICT (id) DO NOTHING;
INSERT INTO public.itsm_sla_tier (id, code, name, description, priority_matrix, business_hours, active, created_at, updated_at, workspace_id) VALUES ('01HSLATIERSILVER0000000000', 'SILVER', 'Silver', '중급 — 60분 응답 / 24시간 해결 (critical)', '{"low": {"response": 480, "resolution": 11520}, "high": {"response": 120, "resolution": 2880}, "normal": {"response": 240, "resolution": 5760}, "critical": {"response": 60, "resolution": 1440}}', NULL, true, '2026-04-21 14:27:38.566613+00', '2026-04-21 14:27:38.566613+00', '01JDEFAULTWORKSPACE0000000') ON CONFLICT (id) DO NOTHING;
INSERT INTO public.itsm_sla_tier (id, code, name, description, priority_matrix, business_hours, active, created_at, updated_at, workspace_id) VALUES ('01HSLATIERBRONZE0000000000', 'BRONZE', 'Bronze', '기본 — 120분 응답 / 48시간 해결 (critical)', '{"low": {"response": 960, "resolution": 23040}, "high": {"response": 240, "resolution": 5760}, "normal": {"response": 480, "resolution": 11520}, "critical": {"response": 120, "resolution": 2880}}', NULL, true, '2026-04-21 14:27:38.566613+00', '2026-04-21 14:27:38.566613+00', '01JDEFAULTWORKSPACE0000000') ON CONFLICT (id) DO NOTHING;

-- ── itsm_sla_notification_policy (2 rows) ─────────────────────────
INSERT INTO public.itsm_sla_notification_policy (id, name, trigger_event, applies_priority, applies_service_type, notify_channels, notify_assignee, notify_assignee_manager, notify_custom_user_ids, notify_custom_addresses, template_key, active, created_at, updated_at, workspace_id) VALUES ('01HSNP00DEFAULTWARNING0000', 'SLA 80% 경고 기본', 'warning', NULL, NULL, '["slack", "email"]', true, false, NULL, NULL, NULL, true, '2026-04-22 19:30:19.243543+00', '2026-04-22 19:30:19.243543+00', '01JDEFAULTWORKSPACE0000000') ON CONFLICT (id) DO NOTHING;
INSERT INTO public.itsm_sla_notification_policy (id, name, trigger_event, applies_priority, applies_service_type, notify_channels, notify_assignee, notify_assignee_manager, notify_custom_user_ids, notify_custom_addresses, template_key, active, created_at, updated_at, workspace_id) VALUES ('01HSNP00DEFAULTBREACH00000', 'SLA 100% 위반 기본', 'breach', NULL, NULL, '["slack", "teams", "email"]', true, true, NULL, NULL, NULL, true, '2026-04-22 19:30:19.243543+00', '2026-04-22 19:30:19.243543+00', '01JDEFAULTWORKSPACE0000000') ON CONFLICT (id) DO NOTHING;

-- ── itsm_sla_timer (27 rows) ─────────────────────────
INSERT INTO public.itsm_sla_timer (id, ticket_id, kind, due_at, warning_sent_at, breached_at, satisfied_at, created_at, workspace_id) VALUES ('01HTK003INTAKESLRP00000000', '01HTK003INTAKE000000000000', 'response', '2026-04-21 21:34:42.925341+00', '2026-04-21 20:34:42.925341+00', '2026-04-21 22:04:42.925341+00', NULL, '2026-04-21 18:34:42.925341+00', '01JDEFAULTWORKSPACE0000000') ON CONFLICT (id) DO NOTHING;
INSERT INTO public.itsm_sla_timer (id, ticket_id, kind, due_at, warning_sent_at, breached_at, satisfied_at, created_at, workspace_id) VALUES ('01HTK003INTAKESLRS00000000', '01HTK003INTAKE000000000000', 'resolution', '2026-04-22 10:34:42.925341+00', '2026-04-21 20:34:42.925341+00', '2026-04-21 22:04:42.925341+00', NULL, '2026-04-21 18:34:42.925341+00', '01JDEFAULTWORKSPACE0000000') ON CONFLICT (id) DO NOTHING;
INSERT INTO public.itsm_sla_timer (id, ticket_id, kind, due_at, warning_sent_at, breached_at, satisfied_at, created_at, workspace_id) VALUES ('01HTK009EXECUTESLRS0000000', '01HTK009EXECUTE00000000000', 'resolution', '2026-04-21 20:34:42.925341+00', '2026-04-21 20:34:42.925341+00', '2026-04-21 22:04:42.925341+00', NULL, '2026-04-19 22:34:42.925341+00', '01JDEFAULTWORKSPACE0000000') ON CONFLICT (id) DO NOTHING;
INSERT INTO public.itsm_sla_timer (id, ticket_id, kind, due_at, warning_sent_at, breached_at, satisfied_at, created_at, workspace_id) VALUES ('01HTK016CLOSEDSLRSC0000000', '01HTK016CLOSED000000000000', 'resolution', '2026-04-21 19:34:42.925341+00', NULL, NULL, '2026-04-21 19:34:42.925341+00', '2026-04-17 22:34:42.925341+00', '01JDEFAULTWORKSPACE0000000') ON CONFLICT (id) DO NOTHING;
INSERT INTO public.itsm_sla_timer (id, ticket_id, kind, due_at, warning_sent_at, breached_at, satisfied_at, created_at, workspace_id) VALUES ('01HTK017CLOSEDSLRSC0000000', '01HTK017CLOSED000000000000', 'resolution', '2026-04-21 21:04:42.925341+00', NULL, NULL, '2026-04-21 21:04:42.925341+00', '2026-04-18 22:34:42.925341+00', '01JDEFAULTWORKSPACE0000000') ON CONFLICT (id) DO NOTHING;
INSERT INTO public.itsm_sla_timer (id, ticket_id, kind, due_at, warning_sent_at, breached_at, satisfied_at, created_at, workspace_id) VALUES ('01HTK018CLOSEDSLRSC0000000', '01HTK018CLOSED000000000000', 'resolution', '2026-04-21 21:34:42.925341+00', NULL, NULL, '2026-04-21 21:34:42.925341+00', '2026-04-14 22:34:42.925341+00', '01JDEFAULTWORKSPACE0000000') ON CONFLICT (id) DO NOTHING;
INSERT INTO public.itsm_sla_timer (id, ticket_id, kind, due_at, warning_sent_at, breached_at, satisfied_at, created_at, workspace_id) VALUES ('01HTK005ANALYZESLRP0000000', '01HTK005ANALYZE00000000000', 'response', '2026-04-21 22:24:42.925341+00', '2026-04-21 22:19:42.925341+00', '2026-04-21 22:35:43.500357+00', NULL, '2026-04-21 19:34:42.925341+00', '01JDEFAULTWORKSPACE0000000') ON CONFLICT (id) DO NOTHING;
INSERT INTO public.itsm_sla_timer (id, ticket_id, kind, due_at, warning_sent_at, breached_at, satisfied_at, created_at, workspace_id) VALUES ('01HTK007ANALYZESLRP0000000', '01HTK007ANALYZE00000000000', 'response', '2026-04-21 22:14:42.925341+00', '2026-04-21 22:19:42.925341+00', '2026-04-21 22:35:43.500357+00', NULL, '2026-04-21 10:34:42.925341+00', '01JDEFAULTWORKSPACE0000000') ON CONFLICT (id) DO NOTHING;
INSERT INTO public.itsm_sla_timer (id, ticket_id, kind, due_at, warning_sent_at, breached_at, satisfied_at, created_at, workspace_id) VALUES ('01HTK004INTAKESLRS00000000', '01HTK004INTAKE000000000000', 'resolution', '2026-04-23 21:49:42.925341+00', '2026-04-23 12:14:37.019716+00', '2026-04-23 21:50:37.019627+00', NULL, '2026-04-21 21:49:42.925341+00', '01JDEFAULTWORKSPACE0000000') ON CONFLICT (id) DO NOTHING;
INSERT INTO public.itsm_sla_timer (id, ticket_id, kind, due_at, warning_sent_at, breached_at, satisfied_at, created_at, workspace_id) VALUES ('01HTK002INTAKESLRP00000000', '01HTK002INTAKE000000000000', 'response', '2026-04-21 22:44:42.925341+00', '2026-04-21 22:19:42.925341+00', '2026-04-21 22:44:43.468388+00', NULL, '2026-04-21 21:04:42.925341+00', '01JDEFAULTWORKSPACE0000000') ON CONFLICT (id) DO NOTHING;
INSERT INTO public.itsm_sla_timer (id, ticket_id, kind, due_at, warning_sent_at, breached_at, satisfied_at, created_at, workspace_id) VALUES ('01HTK001INTAKESLRP00000000', '01HTK001INTAKE000000000000', 'response', '2026-04-21 23:04:42.925341+00', '2026-04-21 22:54:43.464968+00', '2026-04-21 23:04:43.466397+00', NULL, '2026-04-21 22:14:42.925341+00', '01JDEFAULTWORKSPACE0000000') ON CONFLICT (id) DO NOTHING;
INSERT INTO public.itsm_sla_timer (id, ticket_id, kind, due_at, warning_sent_at, breached_at, satisfied_at, created_at, workspace_id) VALUES ('01HTK005ANALYZESLRS0000000', '01HTK005ANALYZE00000000000', 'resolution', '2026-04-21 23:04:42.925341+00', '2026-04-21 22:19:42.925341+00', '2026-04-21 23:04:43.466397+00', NULL, '2026-04-21 19:34:42.925341+00', '01JDEFAULTWORKSPACE0000000') ON CONFLICT (id) DO NOTHING;
INSERT INTO public.itsm_sla_timer (id, ticket_id, kind, due_at, warning_sent_at, breached_at, satisfied_at, created_at, workspace_id) VALUES ('01HTK011EXECUTESLRS0000000', '01HTK011EXECUTE00000000000', 'resolution', '2026-04-21 23:19:42.925341+00', '2026-04-21 22:19:42.925341+00', '2026-04-21 23:19:43.464619+00', NULL, '2026-04-20 21:34:42.925341+00', '01JDEFAULTWORKSPACE0000000') ON CONFLICT (id) DO NOTHING;
INSERT INTO public.itsm_sla_timer (id, ticket_id, kind, due_at, warning_sent_at, breached_at, satisfied_at, created_at, workspace_id) VALUES ('01HTK006ANALYZESLRP0000000', '01HTK006ANALYZE00000000000', 'response', '2026-04-21 23:34:42.925341+00', '2026-04-21 22:35:43.500357+00', '2026-04-21 23:34:43.464688+00', NULL, '2026-04-21 15:34:42.925341+00', '01JDEFAULTWORKSPACE0000000') ON CONFLICT (id) DO NOTHING;
INSERT INTO public.itsm_sla_timer (id, ticket_id, kind, due_at, warning_sent_at, breached_at, satisfied_at, created_at, workspace_id) VALUES ('01HTK007ANALYZESLRS0000000', '01HTK007ANALYZE00000000000', 'resolution', '2026-04-22 00:34:42.925341+00', '2026-04-21 22:19:42.925341+00', '2026-04-22 00:34:43.842165+00', NULL, '2026-04-21 10:34:42.925341+00', '01JDEFAULTWORKSPACE0000000') ON CONFLICT (id) DO NOTHING;
INSERT INTO public.itsm_sla_timer (id, ticket_id, kind, due_at, warning_sent_at, breached_at, satisfied_at, created_at, workspace_id) VALUES ('01HTK008EXECUTESLRS0000000', '01HTK008EXECUTE00000000000', 'resolution', '2026-04-22 01:34:42.925341+00', '2026-04-21 22:35:43.500357+00', '2026-04-22 01:34:43.505134+00', NULL, '2026-04-21 02:34:42.925341+00', '01JDEFAULTWORKSPACE0000000') ON CONFLICT (id) DO NOTHING;
INSERT INTO public.itsm_sla_timer (id, ticket_id, kind, due_at, warning_sent_at, breached_at, satisfied_at, created_at, workspace_id) VALUES ('01HTK004INTAKESLRP00000000', '01HTK004INTAKE000000000000', 'response', '2026-04-22 01:49:42.925341+00', '2026-04-22 01:01:43.465171+00', '2026-04-22 01:49:43.465123+00', NULL, '2026-04-21 21:49:42.925341+00', '01JDEFAULTWORKSPACE0000000') ON CONFLICT (id) DO NOTHING;
INSERT INTO public.itsm_sla_timer (id, ticket_id, kind, due_at, warning_sent_at, breached_at, satisfied_at, created_at, workspace_id) VALUES ('01HTK001INTAKESLRS00000000', '01HTK001INTAKE000000000000', 'resolution', '2026-04-22 02:04:42.925341+00', '2026-04-22 01:18:43.469852+00', '2026-04-22 02:04:43.464493+00', NULL, '2026-04-21 22:14:42.925341+00', '01JDEFAULTWORKSPACE0000000') ON CONFLICT (id) DO NOTHING;
INSERT INTO public.itsm_sla_timer (id, ticket_id, kind, due_at, warning_sent_at, breached_at, satisfied_at, created_at, workspace_id) VALUES ('01HTK012VERIFYSLRS00000000', '01HTK012VERIFY000000000000', 'resolution', '2026-04-22 04:34:42.925341+00', '2026-04-21 22:35:43.500357+00', '2026-04-22 05:20:59.833308+00', NULL, '2026-04-20 06:34:42.925341+00', '01JDEFAULTWORKSPACE0000000') ON CONFLICT (id) DO NOTHING;
INSERT INTO public.itsm_sla_timer (id, ticket_id, kind, due_at, warning_sent_at, breached_at, satisfied_at, created_at, workspace_id) VALUES ('01HTK014ANSWERSLRS00000000', '01HTK014ANSWER000000000000', 'resolution', '2026-04-22 06:34:42.925341+00', '2026-04-21 22:35:43.500357+00', '2026-04-22 06:34:59.823948+00', NULL, '2026-04-19 10:34:42.925341+00', '01JDEFAULTWORKSPACE0000000') ON CONFLICT (id) DO NOTHING;
INSERT INTO public.itsm_sla_timer (id, ticket_id, kind, due_at, warning_sent_at, breached_at, satisfied_at, created_at, workspace_id) VALUES ('01HTK006ANALYZESLRS0000000', '01HTK006ANALYZE00000000000', 'resolution', '2026-04-22 08:34:42.925341+00', '2026-04-22 05:20:59.833308+00', '2026-04-22 08:34:59.199995+00', NULL, '2026-04-21 15:34:42.925341+00', '01JDEFAULTWORKSPACE0000000') ON CONFLICT (id) DO NOTHING;
INSERT INTO public.itsm_sla_timer (id, ticket_id, kind, due_at, warning_sent_at, breached_at, satisfied_at, created_at, workspace_id) VALUES ('01KPSXEWZF8G6D8K1V08S3ANSS', '01KPSXEWVHTMQY22NTW66TVE88', 'response', '2026-04-22 10:18:54.831013+00', '2026-04-22 09:30:58.287534+00', '2026-04-22 10:18:58.285155+00', NULL, '2026-04-22 06:18:54.837803+00', '01JDEFAULTWORKSPACE0000000') ON CONFLICT (id) DO NOTHING;
INSERT INTO public.itsm_sla_timer (id, ticket_id, kind, due_at, warning_sent_at, breached_at, satisfied_at, created_at, workspace_id) VALUES ('01HTK002INTAKESLRS00000000', '01HTK002INTAKE000000000000', 'resolution', '2026-04-22 18:34:42.925341+00', '2026-04-21 22:19:42.925341+00', '2026-04-22 21:35:40.131774+00', NULL, '2026-04-21 21:04:42.925341+00', '01JDEFAULTWORKSPACE0000000') ON CONFLICT (id) DO NOTHING;
INSERT INTO public.itsm_sla_timer (id, ticket_id, kind, due_at, warning_sent_at, breached_at, satisfied_at, created_at, workspace_id) VALUES ('01HTK013VERIFYSLRS00000000', '01HTK013VERIFY000000000000', 'resolution', '2026-04-22 18:34:42.925341+00', '2026-04-22 08:34:59.199995+00', '2026-04-22 21:35:40.131774+00', NULL, '2026-04-20 16:34:42.925341+00', '01JDEFAULTWORKSPACE0000000') ON CONFLICT (id) DO NOTHING;
INSERT INTO public.itsm_sla_timer (id, ticket_id, kind, due_at, warning_sent_at, breached_at, satisfied_at, created_at, workspace_id) VALUES ('01HTK010EXECUTESLRS0000000', '01HTK010EXECUTE00000000000', 'resolution', '2026-04-22 23:34:42.925341+00', '2026-04-22 21:35:40.131774+00', '2026-04-22 23:35:21.66671+00', NULL, '2026-04-21 07:34:42.925341+00', '01JDEFAULTWORKSPACE0000000') ON CONFLICT (id) DO NOTHING;
INSERT INTO public.itsm_sla_timer (id, ticket_id, kind, due_at, warning_sent_at, breached_at, satisfied_at, created_at, workspace_id) VALUES ('01KPSXEWZF8G6D8K1V08S3ANST', '01KPSXEWVHTMQY22NTW66TVE88', 'resolution', '2026-04-23 06:18:54.831013+00', '2026-04-23 01:31:21.667694+00', '2026-04-23 06:19:37.026449+00', NULL, '2026-04-22 06:18:54.837817+00', '01JDEFAULTWORKSPACE0000000') ON CONFLICT (id) DO NOTHING;
INSERT INTO public.itsm_sla_timer (id, ticket_id, kind, due_at, warning_sent_at, breached_at, satisfied_at, created_at, workspace_id) VALUES ('01HTK015ANSWERSLRS00000000', '01HTK015ANSWER000000000000', 'resolution', '2026-04-23 10:34:42.925341+00', '2026-04-22 22:35:21.667596+00', '2026-04-23 10:35:37.019654+00', NULL, '2026-04-20 22:34:42.925341+00', '01JDEFAULTWORKSPACE0000000') ON CONFLICT (id) DO NOTHING;

-- ── itsm_scheduler_override (1 rows) ─────────────────────────
INSERT INTO public.itsm_scheduler_override (job_id, interval_seconds, paused, updated_by, updated_at, workspace_id) VALUES ('itsm_sla_scan', 60, false, 5, '2026-04-22 21:32:37.646456+00', '01JDEFAULTWORKSPACE0000000') ON CONFLICT (job_id) DO NOTHING;

-- ── itsm_scope_grant (1 rows) ─────────────────────────
INSERT INTO public.itsm_scope_grant (id, permission_group_id, service_type, customer_id, product_id, scope_level, granted_by, created_at, updated_at, workspace_id) VALUES ('01HSCOPEGRANTSAMPLE0000000', 1, NULL, NULL, NULL, 'write', NULL, '2026-04-21 21:35:34.360584+00', '2026-04-21 21:35:34.360584+00', '01JDEFAULTWORKSPACE0000000') ON CONFLICT (id) DO NOTHING;

-- ── itsm_feedback (3 rows) ─────────────────────────
INSERT INTO public.itsm_feedback (id, ticket_id, score, comment, reopen, submitted_by, submitted_at, workspace_id) VALUES ('01HTK016CLOSEDFB0000000000', '01HTK016CLOSED000000000000', 5, '신속 대응 감사합니다.', false, 6, '2026-04-21 19:34:42.925341+00', '01JDEFAULTWORKSPACE0000000') ON CONFLICT (id) DO NOTHING;
INSERT INTO public.itsm_feedback (id, ticket_id, score, comment, reopen, submitted_by, submitted_at, workspace_id) VALUES ('01HTK017CLOSEDFB0000000000', '01HTK017CLOSED000000000000', 4, '신속 대응 감사합니다.', false, 6, '2026-04-21 21:04:42.925341+00', '01JDEFAULTWORKSPACE0000000') ON CONFLICT (id) DO NOTHING;
INSERT INTO public.itsm_feedback (id, ticket_id, score, comment, reopen, submitted_by, submitted_at, workspace_id) VALUES ('01HTK018CLOSEDFB0000000000', '01HTK018CLOSED000000000000', 3, '처리는 되었으나 지연이 아쉬움.', true, 6, '2026-04-21 21:34:42.925341+00', '01JDEFAULTWORKSPACE0000000') ON CONFLICT (id) DO NOTHING;

-- ── itsm_user_notification_pref (1 rows) ─────────────────────────
INSERT INTO public.itsm_user_notification_pref (id, user_id, slack_user_id, teams_user_id, teams_channel_override, email_override, channels, event_overrides, enabled, quiet_hours, created_at, updated_at, workspace_id) VALUES ('01KPVAZD7V6HKY5XSRADM5V9ZJ', 5, NULL, NULL, NULL, NULL, '["email"]', NULL, true, NULL, '2026-04-22 19:34:21.735124+00', '2026-04-22 19:34:21.735144+00', '01JDEFAULTWORKSPACE0000000') ON CONFLICT (id) DO NOTHING;


COMMIT;
