-- Generated by monitoring/scripts/dump_demo_data.py
-- ui-builder demo seed — snapshot of live DB business data.
-- Env-gated: only applied when SEED_DEMO_DATA=1 at migration time.
-- Idempotent: ON CONFLICT DO NOTHING on all inserts.
-- FK safety: tables are emitted in parent→child order so ON CONFLICT skips
-- are safe even when partial imports are re-run.

SET client_encoding = 'UTF8';

BEGIN;

-- ── ui_builder_projects (4 rows) ─────────────────────────
INSERT INTO public.ui_builder_projects (id, user_id, name, description, template, llm_provider, llm_model, created_at, updated_at, current_snapshot_id, project_type) VALUES ('35cbad53-43ee-4f1c-9bf0-48cc2630bcd7', 5, '헬로 월드', '헬로 월드 만들기', 'react-ts', 'openai', NULL, '2026-04-17 18:30:00.117102+00', '2026-04-18 00:52:11.617465+00', 'b4090843-ee59-4c21-b8af-ec3ac95128da', 'sandpack') ON CONFLICT (id) DO NOTHING;
INSERT INTO public.ui_builder_projects (id, user_id, name, description, template, llm_provider, llm_model, created_at, updated_at, current_snapshot_id, project_type) VALUES ('a1f963b7-57c7-440b-9ab5-6fc60d0b1b95', 5, '테스트 프로젝트 1', '', 'react-ts', 'openai', NULL, '2026-04-18 07:45:42.035791+00', '2026-04-18 07:45:42.035804+00', NULL, 'sandpack') ON CONFLICT (id) DO NOTHING;
INSERT INTO public.ui_builder_projects (id, user_id, name, description, template, llm_provider, llm_model, created_at, updated_at, current_snapshot_id, project_type) VALUES ('f568fd27-adbe-479d-92fc-91e8f6b8521e', 5, 'genui-test', NULL, 'react-ts', 'openai', NULL, '2026-04-19 05:03:29.105065+00', '2026-04-19 05:03:29.105143+00', NULL, 'sandpack') ON CONFLICT (id) DO NOTHING;
INSERT INTO public.ui_builder_projects (id, user_id, name, description, template, llm_provider, llm_model, created_at, updated_at, current_snapshot_id, project_type) VALUES ('7a26c4a5-6ba4-4e84-84b1-cfe1b326a6b0', 5, '대시보드 작성 테스트 1', '', 'react-ts', 'openai', NULL, '2026-04-19 11:44:26.507372+00', '2026-04-19 11:44:26.507396+00', NULL, 'genui') ON CONFLICT (id) DO NOTHING;

-- ── ui_builder_snapshots (4 rows) ─────────────────────────
INSERT INTO public.ui_builder_snapshots (id, project_id, slug, title, files, message_id, created_at) VALUES ('b089afba-34dc-4e02-a263-b9b6d5b38aec', '35cbad53-43ee-4f1c-9bf0-48cc2630bcd7', 'snap-0002', '배경색 변경된 App.tsx', '{"/App.tsx": "import React from ''react'';\n\nconst images = [\n  {\n    id: 1,\n    src: ''https://images.unsplash.com/photo-1555685813-47032115f6ab?crop=entropy&cs=tinysrgb&fit=max&fm=jpg&ixid=MnwxMTc3N3wwfDF8c2VhcmNofDJ8fGFydCUyMHBvc3R8ZW58MHx8fHwxNjcwNDM1MjAw&ixlib=rb-1.2.1&q=80&w=400'',\n    title: ''작품 1'',\n    description: ''이것은 작품 1의 설명입니다.'',\n    author: ''작가 A'',\n  },\n  {\n    id: 2,\n    src: ''https://images.unsplash.com/photo-1506748686214-e9df14d4d9d0?crop=entropy&cs=tinysrgb&fit=max&fm=jpg&ixid=MnwxMTc3N3wwfDF8c2VhcmNofDE0fHxmbG93ZXIlMjBhcnR8ZW58MHx8fHwxNjcwNDM1MjAw&ixlib=rb-1.2.1&q=80&w=400'',\n    title: ''작품 2'',\n    description: ''이것은 작품 2의 설명입니다.'',\n    author: ''작가 B'',\n  },\n  {\n    id: 3,\n    src: ''https://images.unsplash.com/photo-1479227791390-321c6f840be1?crop=entropy&cs=tinysrgb&fit=max&fm=jpg&ixid=MnwxMTc3N3wwfDF8c2VhcmNofDE4fHxhcnQlMjBjb2xvcmZ1bCUyMHBvc3RlcmF8ZW58MHx8fHwxNjcwNDM1MjAw&ixlib=rb-1.2.1&q=80&w=400'',\n    title: ''작품 3'',\n    description: ''이것은 작품 3의 설명입니다.'',\n    author: ''작가 C'',\n  },\n  {\n    id: 4,\n    src: ''https://images.unsplash.com/photo-1465476120570-988ef21cf640?crop=entropy&cs=tinysrgb&fit=max&fm=jpg&ixid=MnwxMTc3N3wwfDF8c2VhcmNofDQyfHxibG9jZXIlMjBhcnR8ZW58MHx8fHwxNjcwNDM1MjAw&ixlib=rb-1.2.1&q=80&w=400'',\n    title: ''작품 4'',\n    description: ''이것은 작품 4의 설명입니다.'',\n    author: ''작가 D'',\n  },\n  {\n    id: 5,\n    src: ''https://images.unsplash.com/photo-1529706422058-3e4f5f7b0b85?crop=entropy&cs=tinysrgb&fit=max&fm=jpg&ixid=MnwxMTc3N3wwfDF8c2VhcmNofDE0fHxhdHRyeXxlbnwwfHx8fDE2NzA0MzUyMDg&ixlib=rb-1.2.1&q=80&w=400'',\n    title: ''작품 5'',\n    description: ''이것은 작품 5의 설명입니다.'',\n    author: ''작가 E'',\n  },\n  {\n    id: 6,\n    src: ''https://images.unsplash.com/photo-1506748686214-e9df14d4d9d0?crop=entropy&cs=tinysrgb&fit=max&fm=jpg&ixid=MnwxMTc3N3wwfDF8c2VhcmNofDE2fHxhcnQlMjBjb2xvcmZ1bCUyMHBvc3RlcmF8ZW58MHx8fHwxNjcwNDM1MjAw&ixlib=rb-1.2.1&q=80&w=400'',\n    title: ''작품 6'',\n    description: ''이것은 작품 6의 설명입니다.'',\n    author: ''작가 F'',\n  },\n];\n\nconst App: React.FC = () => {\n  return (\n    <div className=\"flex flex-col items-center p-6 bg-gradient-to-br from-yellow-200 to-orange-300 min-h-screen\">\n      <h1 className=\"text-5xl font-bold text-gray-800 mb-8\">🎨 갤러리</h1>\n      <p className=\"text-xl text-gray-600 mb-6 text-center w-full max-w-2xl\">\n        다양한 예술 작품을 감상하세요. 작품에 대한 설명과 작가 정보를 포함하고 있습니다.\n      </p>\n      <div className=\"grid grid-cols-1 sm:grid-cols-2 md:grid-cols-3 gap-8 w-full max-w-6xl\">\n        {images.map((image) => (\n          <div key={image.id} className=\"bg-white rounded-lg overflow-hidden shadow-lg transform transition-transform duration-300 hover:scale-105\">\n            <img\n              src={image.src}\n              alt={image.title}\n              className=\"w-full h-48 object-cover\"\n            />\n            <div className=\"p-4\">\n              <h2 className=\"text-xl font-semibold\">{image.title}</h2>\n              <p className=\"text-gray-600\">{image.description}</p>\n              <p className=\"text-gray-500 italic\">{image.author}</p>\n            </div>\n          </div>\n        ))}\n      </div>\n    </div>\n  );\n};\n\nexport default App;\n"}', '6fc713ca-c533-4b33-9fc4-d8346edb1581', '2026-04-18 00:48:59.119773+00') ON CONFLICT (id) DO NOTHING;
INSERT INTO public.ui_builder_snapshots (id, project_id, slug, title, files, message_id, created_at) VALUES ('b4090843-ee59-4c21-b8af-ec3ac95128da', '35cbad53-43ee-4f1c-9bf0-48cc2630bcd7', 'snap-0003', '작품 제목 변경하기', '{"/App.tsx": "import React from ''react'';\n\nconst image = {\n  id: 1,\n  src: ''https://images.unsplash.com/photo-1555685813-47032115f6ab?crop=entropy&cs=tinysrgb&fit=max&fm=jpg&ixid=MnwxMTc3N3wwfDF8c2VhcmNofDJ8fGFydCUyMHBvc3R8ZW58MHx8fHwxNjcwNDM1MjAw&ixlib=rb-1.2.1&q=80&w=400'',\n  title: ''명작 1'',\n  description: ''이것은 우리의 시대를 대변하는 명작입니다.'',\n  author: ''작가 A'',\n};\n\nconst App: React.FC = () => {\n  return (\n    <div className=\"flex flex-col items-center p-6 bg-gradient-to-br from-yellow-200 to-orange-300 min-h-screen\">\n      <h1 className=\"text-5xl font-bold text-gray-800 mb-8\">🎨 예술 갤러리</h1>\n      <p className=\"text-xl text-gray-600 mb-6 text-center w-full max-w-2xl\">\n        이 작품은 우리의 시대를 표현한 예술입니다.\n      </p>\n      <div className=\"bg-white rounded-lg overflow-hidden shadow-lg max-w-md\">\n        <img\n          src={image.src}\n          alt={image.title}\n          className=\"w-full h-48 object-cover\"\n        />\n        <div className=\"p-4\">\n          <h2 className=\"text-xl font-semibold\">{image.title}</h2>\n          <p className=\"text-gray-600\">{image.description}</p>\n          <p className=\"text-gray-500 italic\">{image.author}</p>\n        </div>\n      </div>\n    </div>\n  );\n};\n\nexport default App;\n"}', '895a2149-a9dd-40c2-b82a-0be6d874396b', '2026-04-18 00:51:45.315274+00') ON CONFLICT (id) DO NOTHING;
INSERT INTO public.ui_builder_snapshots (id, project_id, slug, title, files, message_id, created_at) VALUES ('8b88c145-b9e6-4047-be43-3b1dc09dfa82', '35cbad53-43ee-4f1c-9bf0-48cc2630bcd7', 'snap-0004', '오늘의 날씨 화면 만들기', '{"/App.tsx": "import React, { useState } from ''react'';\n\nconst App: React.FC = () => {\n  const [location, setLocation] = useState(''서울'');\n  const [temperature, setTemperature] = useState(''25°C'');\n  const [condition, setCondition] = useState(''맑음'');\n  const [description, setDescription] = useState(''오늘은 맑고 기온이 적당합니다.'');\n\n  return (\n    <div className=\"flex flex-col items-center justify-center h-screen p-6 bg-gradient-to-br from-blue-200 to-blue-500\">\n      <h1 className=\"text-4xl font-bold text-white mb-4\">🌤️ 오늘의 날씨</h1>\n      <div className=\"bg-white rounded-lg shadow-lg p-6 w-full max-w-md text-center\">\n        <h2 className=\"text-2xl font-semibold mb-2\">{location}</h2>\n        <p className=\"text-3xl font-bold text-blue-600\">{temperature}</p>\n        <p className=\"text-xl text-gray-700\">{condition}</p>\n        <p className=\"text-gray-600 mt-2\">{description}</p>\n      </div>\n    </div>\n  );\n};\n\nexport default App;\n"}', 'c0bc9f79-7429-44e5-8061-41e8122adcdf', '2026-04-19 03:50:45.180638+00') ON CONFLICT (id) DO NOTHING;
INSERT INTO public.ui_builder_snapshots (id, project_id, slug, title, files, message_id, created_at) VALUES ('481cd8be-1d66-496b-8c14-8e642fb5db25', '35cbad53-43ee-4f1c-9bf0-48cc2630bcd7', 'snap-0005', '미세먼지 상태 화면 구성', '{"/App.tsx": "import React from ''react'';\n\nconst App: React.FC = () => {\n  const dustLevel = ''보통''; // 미세먼지 수준 (예: 좋음, 보통, 나쁨)\n  const pm10 = 40; // PM10 수치\n  const pm25 = 25; // PM2.5 수치\n  const statusDescription = ''미세먼지 농도가 보통입니다. 외출 시 주의가 필요합니다.''; // 상태 설명\n\n  return (\n    <div className=\"flex flex-col items-center justify-center h-screen p-6 bg-gradient-to-br from-green-200 to-yellow-300\">\n      <h1 className=\"text-4xl font-bold text-gray-800 mb-4\">🌫️ 미세먼지 정보</h1>\n      <div className=\"bg-white rounded-lg shadow-lg p-6 w-full max-w-md text-center\">\n        <h2 className=\"text-2xl font-semibold mb-2\">현재 미세먼지 수준</h2>\n        <p className=\"text-3xl font-bold text-blue-600 mb-2\">{dustLevel}</p>\n        <p className=\"text-lg text-gray-700\">PM10: {pm10} µg/m³</p>\n        <p className=\"text-lg text-gray-700\">PM2.5: {pm25} µg/m³</p>\n        <p className=\"text-gray-600 mt-2\">{statusDescription}</p>\n      </div>\n    </div>\n  );\n};\n\nexport default App;\n"}', '557328df-1110-4bdb-9331-42abeb7b1919', '2026-04-19 13:37:43.086647+00') ON CONFLICT (id) DO NOTHING;

-- ── ui_builder_messages (84 rows) ─────────────────────────
INSERT INTO public.ui_builder_messages (id, project_id, role, content, tokens_in, tokens_out, created_at, ui_calls, scope, dashboard_id) VALUES ('43c3166c-c6c3-4dfb-b229-e91f481b74a3', '35cbad53-43ee-4f1c-9bf0-48cc2630bcd7', 'user', '로그인 폼 만들고 버튼 누르면 헬로 월드 출력해줘.', NULL, NULL, '2026-04-17 18:30:55.682546+00', '[]', 'project', NULL) ON CONFLICT (id) DO NOTHING;
INSERT INTO public.ui_builder_messages (id, project_id, role, content, tokens_in, tokens_out, created_at, ui_calls, scope, dashboard_id) VALUES ('0605493f-fb01-48c5-b772-3bcce9d255f0', '35cbad53-43ee-4f1c-9bf0-48cc2630bcd7', 'assistant', '아래는 로그인 폼을 포함하고, 버튼을 누르면 "Hello World"가 출력되는 React + TypeScript 코드입니다. 

import React, { useState } from ''react'';

const App: React.FC = () => {
  const [name, setName] = useState('''');
  const [message, setMessage] = useState('''');

  const handleSubmit = (e: React.FormEvent) => {
    e.preventDefault();
    setMessage(`Hello World, ${name}!`);
  };

  return (
    <div className="flex flex-col items-center justify-center h-screen">
      <form onSubmit={handleSubmit} className="flex flex-col space-y-4">
        <input
          type="text"
          placeholder="Enter your name"
          value={name}
          onChange={(e) => setName(e.target.value)}
          className="border p-2 rounded"
        />
        <button type="submit" className="bg-blue-500 text-white p-2 rounded">Submit</button>
      </form>
      {message && <h1 className="mt-4">{message}</h1>}
    </div>
  );
};

export default App;

위 코드를 사용하면 사용자가 이름을 입력하고 버튼을 클릭할 때 "Hello World" 메시지가 표시됩니다.', NULL, NULL, '2026-04-17 18:31:03.850586+00', '[]', 'project', NULL) ON CONFLICT (id) DO NOTHING;
INSERT INTO public.ui_builder_messages (id, project_id, role, content, tokens_in, tokens_out, created_at, ui_calls, scope, dashboard_id) VALUES ('b8034d31-122f-4655-8ce8-42f45de11fc7', '35cbad53-43ee-4f1c-9bf0-48cc2630bcd7', 'user', '헬로 월드 한국어로 해줘.', NULL, NULL, '2026-04-17 18:32:07.881172+00', '[]', 'project', NULL) ON CONFLICT (id) DO NOTHING;
INSERT INTO public.ui_builder_messages (id, project_id, role, content, tokens_in, tokens_out, created_at, ui_calls, scope, dashboard_id) VALUES ('253a1bf2-c397-4909-a339-e57db4be730f', '35cbad53-43ee-4f1c-9bf0-48cc2630bcd7', 'assistant', '아래는 로그인 폼을 포함하고, 버튼을 누르면 "헬로 월드"가 출력되는 React + TypeScript 코드입니다.

import React, { useState } from ''react'';

const App: React.FC = () => {
  const [name, setName] = useState('''');
  const [message, setMessage] = useState('''');

  const handleSubmit = (e: React.FormEvent) => {
    e.preventDefault();
    setMessage(`헬로 월드, ${name}님!`);
  };

  return (
    <div className="flex flex-col items-center justify-center h-screen">
      <form onSubmit={handleSubmit} className="flex flex-col space-y-4">
        <input
          type="text"
          placeholder="이름을 입력하세요"
          value={name}
          onChange={(e) => setName(e.target.value)}
          className="border p-2 rounded"
        />
        <button type="submit" className="bg-blue-500 text-white p-2 rounded">제출</button>
      </form>
      {message && <h1 className="mt-4">{message}</h1>}
    </div>
  );
};

export default App;

위 코드를 사용하면 사용자가 이름을 입력하고 버튼을 클릭할 때 "헬로 월드" 메시지가 표시됩니다.', NULL, NULL, '2026-04-17 18:32:12.990475+00', '[]', 'project', NULL) ON CONFLICT (id) DO NOTHING;
INSERT INTO public.ui_builder_messages (id, project_id, role, content, tokens_in, tokens_out, created_at, ui_calls, scope, dashboard_id) VALUES ('ba0387d2-8d32-404e-9098-56651d9a31c0', '35cbad53-43ee-4f1c-9bf0-48cc2630bcd7', 'user', '나의 용돈 지출 패턴을 보여주는 그래프가 포함된 용돈 사용 내역서 샘플 페이지 만들어줘', NULL, NULL, '2026-04-17 18:36:43.049884+00', '[]', 'project', NULL) ON CONFLICT (id) DO NOTHING;
INSERT INTO public.ui_builder_messages (id, project_id, role, content, tokens_in, tokens_out, created_at, ui_calls, scope, dashboard_id) VALUES ('a10c1392-9a30-4876-b880-910921d07f6f', '35cbad53-43ee-4f1c-9bf0-48cc2630bcd7', 'assistant', '아래는 용돈 사용 내역서 샘플 페이지로, 용돈 지출 패턴을 보여주는 간단한 그래프가 포함된 React + TypeScript 코드입니다. 여기에 사용할 데이터와 차트 컴포넌트를 포함합니다.

import React from ''react'';

const expenseData = [
  { category: ''식비'', amount: 25000 },
  { category: ''교통비'', amount: 15000 },
  { category: ''문화비'', amount: 10000 },
  { category: ''기타'', amount: 5000 },
];

const App: React.FC = () => {
  const totalExpense = expenseData.reduce((total, item) => total + item.amount, 0);

  return (
    <div className="flex flex-col items-center justify-center h-screen p-4 bg-gray-100">
      <h1 className="text-2xl font-bold mb-4">용돈 사용 내역서</h1>
      <h2 className="text-xl mb-4">총 지출: {totalExpense.toLocaleString()} 원</h2>
      <div className="w-full max-w-md bg-white p-4 rounded shadow">
        {expenseData.map((expense, index) => (
          <div key={index} className="flex justify-between mb-2">
            <span>{expense.category}</span>
            <span>{expense.amount.toLocaleString()} 원</span>
          </div>
        ))}
      </div>
      <div className="mt-4 w-full max-w-md bg-white p-4 rounded shadow">
        <h3 className="text-lg font-semibold mb-2">지출 패턴 (가상의 그래프)</h3>
        <div className="flex">
          {expenseData.map((expense, index) => (
            <div
              key={index}
              className={`bg-blue-500 h-${(expense.amount / totalExpense) * 100} rounded m-1`}
              style={{ width: ''20%'' }}
            ></div>
          ))}
        </div>
      </div>
    </div>
  );
};

export default App;

위 코드는 용돈 사용 내역서 페이지를 생성하며 지출 패턴을 간단한 그래프로 표시합니다. 실제 차트를 원하신다면 차트 라이브러리를 사용하는 것이 좋습니다. 위의 예시는 간단한 스타일링과 그래프에 대한 설명을 제공합니다.', NULL, NULL, '2026-04-17 18:36:59.327582+00', '[]', 'project', NULL) ON CONFLICT (id) DO NOTHING;
INSERT INTO public.ui_builder_messages (id, project_id, role, content, tokens_in, tokens_out, created_at, ui_calls, scope, dashboard_id) VALUES ('68de52ce-3249-4c81-8354-10b0a0a329aa', '35cbad53-43ee-4f1c-9bf0-48cc2630bcd7', 'user', '실제 그래프를 넣고 리치하게 만들어줘.', NULL, NULL, '2026-04-17 18:37:50.411103+00', '[]', 'project', NULL) ON CONFLICT (id) DO NOTHING;
INSERT INTO public.ui_builder_messages (id, project_id, role, content, tokens_in, tokens_out, created_at, ui_calls, scope, dashboard_id) VALUES ('1b27213c-a561-4e8b-a9c5-0a3f6a3f3e12', '35cbad53-43ee-4f1c-9bf0-48cc2630bcd7', 'assistant', '아래는 실제 차트를 포함하여 좀 더 풍부한 용돈 사용 내역서 샘플 페이지를 만드는 React + TypeScript 코드입니다. 이 예제에서는 `recharts` 라이브러리를 사용하여 원형 차트를 추가했습니다.

**먼저** 필요한 라이브러리를 설치하세요:

```bash
npm install recharts
```

한번 추가한 뒤에는 아래 코드를 사용하세요:

import React from ''react'';
import {
  PieChart,
  Pie,
  Tooltip,
  Cell,
  ResponsiveContainer,
} from ''recharts'';

const expenseData = [
  { category: ''식비'', amount: 25000 },
  { category: ''교통비'', amount: 15000 },
  { category: ''문화비'', amount: 10000 },
  { category: ''기타'', amount: 5000 },
];

const COLORS = [''#0088FE'', ''#00C49F'', ''#FFBB28'', ''#FF8042''];

const App: React.FC = () => {
  const totalExpense = expenseData.reduce((total, item) => total + item.amount, 0);

  return (
    <div className="flex flex-col items-center justify-center h-screen p-4 bg-gray-100">
      <h1 className="text-2xl font-bold mb-4">용돈 사용 내역서</h1>
      <h2 className="text-xl mb-4">총 지출: {totalExpense.toLocaleString()} 원</h2>
      <div className="w-full max-w-md bg-white p-4 rounded shadow">
        {expenseData.map((expense, index) => (
          <div key={index} className="flex justify-between mb-2">
            <span>{expense.category}</span>
            <span>{expense.amount.toLocaleString()} 원</span>
          </div>
        ))}
      </div>
      <div className="mt-4 w-full max-w-md bg-white p-4 rounded shadow">
        <h3 className="text-lg font-semibold mb-2">지출 패턴</h3>
        <ResponsiveContainer width="100%" height={300}>
          <PieChart>
            <Pie
              data={expenseData}
              dataKey="amount"
              nameKey="category"
              cx="50%"
              cy="50%"
              outerRadius={100}
              fill="#8884d8"
              label
            >
              {expenseData.map((entry, index) => (
                <Cell key={index} fill={COLORS[index % COLORS.length]} />
              ))}
            </Pie>
            <Tooltip />
          </PieChart>
        </ResponsiveContainer>
      </div>
    </div>
  );
};

export default App;

이 코드는 용돈 사용 내역서를 보여주며, 지출 패턴을 원형 차트로 시각화합니다. 차트는 각 카테고리의 비율을 보여주며, 툴팁을 통해 각 세부 항목에 대한 정보를 제공합니다. `recharts` 라이브러리를 이용하여 차트를 구현하였으니, 실행 전에 해당 라이브러리를 설치해 주세요.', NULL, NULL, '2026-04-17 18:38:04.434758+00', '[]', 'project', NULL) ON CONFLICT (id) DO NOTHING;
INSERT INTO public.ui_builder_messages (id, project_id, role, content, tokens_in, tokens_out, created_at, ui_calls, scope, dashboard_id) VALUES ('16336388-d101-4942-b0bb-5d9038cecd91', '35cbad53-43ee-4f1c-9bf0-48cc2630bcd7', 'user', '와 멋지다. 하고 감탄할 정도로 좀 잘 만들어줘.', NULL, NULL, '2026-04-17 18:53:18.672889+00', '[]', 'project', NULL) ON CONFLICT (id) DO NOTHING;
INSERT INTO public.ui_builder_messages (id, project_id, role, content, tokens_in, tokens_out, created_at, ui_calls, scope, dashboard_id) VALUES ('498c09a7-7e59-4b96-a76c-3224e7859e8a', '35cbad53-43ee-4f1c-9bf0-48cc2630bcd7', 'assistant', '아래는 좀 더 고급스럽고 시각적으로 매력적인 용돈 사용 내역서 샘플 페이지입니다. 디자인을 개선하고, 차트와 데이터 섹션을 더욱 돋보이게 만들었습니다.

import React from ''react'';
import {
  PieChart,
  Pie,
  Tooltip,
  Cell,
  ResponsiveContainer,
} from ''recharts'';

const expenseData = [
  { category: ''식비'', amount: 25000 },
  { category: ''교통비'', amount: 15000 },
  { category: ''문화비'', amount: 10000 },
  { category: ''기타'', amount: 5000 },
];

const COLORS = [''#4CAF50'', ''#FF9800'', ''#2196F3'', ''#FF5722''];

const App: React.FC = () => {
  const totalExpense = expenseData.reduce((total, item) => total + item.amount, 0);

  return (
    <div className="flex flex-col items-center justify-center h-screen p-8 bg-gray-50">
      <h1 className="text-3xl font-bold text-gray-800 mb-6">💰 용돈 사용 내역서</h1>
      <h2 className="text-2xl text-gray-600 mb-4">총 지출: <span className="font-bold">{totalExpense.toLocaleString()} 원</span></h2>
      
      <div className="w-full max-w-lg bg-white p-6 rounded-lg shadow-xl mb-6">
        <h3 className="text-xl font-semibold mb-4">사용 내역</h3>
        <div className="flex flex-col divide-y divide-gray-200">
          {expenseData.map((expense, index) => (
            <div key={index} className="flex justify-between py-2">
              <span className="text-gray-700">{expense.category}</span>
              <span className="font-semibold text-gray-900">{expense.amount.toLocaleString()} 원</span>
            </div>
          ))}
        </div>
      </div>
      
      <div className="w-full max-w-lg bg-white p-6 rounded-lg shadow-xl">
        <h3 className="text-xl font-semibold mb-4">🏦 지출 패턴</h3>
        <ResponsiveContainer width="100%" height={300}>
          <PieChart>
            <Pie
              data={expenseData}
              dataKey="amount"
              nameKey="category"
              cx="50%"
              cy="50%"
              outerRadius={100}
              fill="#8884d8"
              label
            >
              {expenseData.map((entry, index) => (
                <Cell key={index} fill={COLORS[index % COLORS.length]} />
              ))}
            </Pie>
            <Tooltip />
          </PieChart>
        </ResponsiveContainer>
      </div>
    </div>
  );
};

export default App;

### 변경 사항 설명:
1. **시각적 개선**: 색상과 여백을 조정하여 각 섹션이 더욱 돋보이도록 했습니다.
2. **폰트 스타일**: 타이틀과 섹션 제목에 더 큰 폰트와 색상을 통해 강조점을 두었습니다.
3. **사용 내역 섹션**: 라인이 추가되어 항목 간 구분이 명확하게 보이게 했습니다.
4. **아이콘 추가**: 타이틀에 아이콘을 추가하여 시각적으로 흥미롭게 보이도록 만들었습니다.

이제 이 앱은 더 관련성 높고, 정보가 잘 정돈되고, 시각적으로 매력적인 용돈 사용 내역서 페이지가 됩니다! 사용자에게 WOW!!라는 감탄을 불러일으킬 수 있도록 만들었습니다.', NULL, NULL, '2026-04-17 18:53:33.677197+00', '[]', 'project', NULL) ON CONFLICT (id) DO NOTHING;
INSERT INTO public.ui_builder_messages (id, project_id, role, content, tokens_in, tokens_out, created_at, ui_calls, scope, dashboard_id) VALUES ('8b334ea3-f0c6-43c2-8daf-6c5b913b1e39', '35cbad53-43ee-4f1c-9bf0-48cc2630bcd7', 'user', '다시 만들어줘봐. 너무 단조롭다.', NULL, NULL, '2026-04-17 19:16:13.030897+00', '[]', 'project', NULL) ON CONFLICT (id) DO NOTHING;
INSERT INTO public.ui_builder_messages (id, project_id, role, content, tokens_in, tokens_out, created_at, ui_calls, scope, dashboard_id) VALUES ('9098036f-9eec-49bd-83d1-a7f8cd066348', '35cbad53-43ee-4f1c-9bf0-48cc2630bcd7', 'assistant', '아래는 좀 더 화려하고 매력적인 용돈 사용 내역서 페이지로, 부드러운 색상 변화와 유려한 디자인을 적용했습니다. `styled-components`를 활용하여 스타일을 좀 더 세련되게 만들었습니다. 하지만, 추가 패키지 사용을 피해야 하므로 Tailwind CSS를 최대한 활용했습니다.

import React from ''react'';
import {
  PieChart,
  Pie,
  Tooltip,
  Cell,
  ResponsiveContainer,
} from ''recharts'';

const expenseData = [
  { category: ''식비'', amount: 25000 },
  { category: ''교통비'', amount: 15000 },
  { category: ''문화비'', amount: 10000 },
  { category: ''기타'', amount: 5000 },
];

const COLORS = [''#4CAF50'', ''#FF9800'', ''#2196F3'', ''#FF5722''];

const App: React.FC = () => {
  const totalExpense = expenseData.reduce((total, item) => total + item.amount, 0);

  return (
    <div className="flex flex-col items-center justify-center h-screen p-8 bg-gradient-to-br from-green-200 via-blue-200 to-purple-200">
      <h1 className="text-4xl font-extrabold text-gray-800 mb-8">💰 용돈 사용 내역서</h1>
      <h2 className="text-2xl text-gray-700 mb-4">총 지출: <span className="font-bold text-gray-900">{totalExpense.toLocaleString()} 원</span></h2>
      
      <div className="w-full max-w-lg bg-white p-6 rounded-lg shadow-lg mb-8">
        <h3 className="text-xl font-semibold text-gray-800 mb-4">사용 내역</h3>
        <div className="flex flex-col divide-y divide-gray-200">
          {expenseData.map((expense, index) => (
            <div key={index} className="flex justify-between py-2 transition-transform transform hover:scale-105">
              <span className="text-gray-700 font-medium">{expense.category}</span>
              <span className="font-semibold text-gray-900">{expense.amount.toLocaleString()} 원</span>
            </div>
          ))}
        </div>
      </div>
      
      <div className="w-full max-w-lg bg-white p-6 rounded-lg shadow-lg">
        <h3 className="text-xl font-semibold text-gray-800 mb-4">🏦 지출 패턴</h3>
        <ResponsiveContainer width="100%" height={300}>
          <PieChart>
            <Pie
              data={expenseData}
              dataKey="amount"
              nameKey="category"
              cx="50%"
              cy="50%"
              innerRadius={40}
              outerRadius={80}
              fill="#8884d8"
              label
            >
              {expenseData.map((entry, index) => (
                <Cell key={index} fill={COLORS[index % COLORS.length]} />
              ))}
            </Pie>
            <Tooltip />
          </PieChart>
        </ResponsiveContainer>
      </div>
    </div>
  );
};

export default App;

### 변경 사항 설명:
1. **배경 그라데이션**: 페이지 전체에 그라데이션 색상을 적용하여 감각적인 배경을 연출합니다.
2. **대비 강화**: 제목 및 섹션 제목의 크기를 키우고 색상을 강화하여 시각적인 강조를 더했습니다.
3. **카드 스타일**: 각 섹션을 카드형태로 디자인하고, 그림자 효과를 추가하여 입체감을 주었습니다.
4. **이펙트 추가**: 사용 내역 항목에 마우스를 가져가면 크기가 약간 커지도록 하여 인터랙티브한 느낌을 주었습니다.
5. **파이 차트**: 내부 반경을 주어 도넛 형태로 시각적으로 더 매력적으로 보이도록 변경했습니다.

이제 이 앱은 시각적으로 더 매력적이고, 정보를 효과적으로 전달할 수 있습니다!', NULL, NULL, '2026-04-17 19:16:25.420893+00', '[]', 'project', NULL) ON CONFLICT (id) DO NOTHING;
INSERT INTO public.ui_builder_messages (id, project_id, role, content, tokens_in, tokens_out, created_at, ui_calls, scope, dashboard_id) VALUES ('8e20fd3a-d299-4bf6-a9fc-6431ee6310e2', '35cbad53-43ee-4f1c-9bf0-48cc2630bcd7', 'user', '니가 자신있는 샘플 페이지 하나 만들어줘봐. 아직 영 별로야.', NULL, NULL, '2026-04-17 19:39:25.762863+00', '[]', 'project', NULL) ON CONFLICT (id) DO NOTHING;
INSERT INTO public.ui_builder_messages (id, project_id, role, content, tokens_in, tokens_out, created_at, ui_calls, scope, dashboard_id) VALUES ('0dcd71ef-0bc3-4dcd-9d54-9b823cee981b', '35cbad53-43ee-4f1c-9bf0-48cc2630bcd7', 'assistant', '아래는 좀 더 세심하게 디자인된 용돈 사용 내역서 샘플 페이지입니다. 이 페이지는 사용자에게 매력적인 시각적 경험을 제공하고 정보를 명확하게 전달하도록 구성했습니다. 사용자는 다양한 카테고리의 지출 패턴을 쉽게 이해할 수 있습니다.

import React from ''react'';
import {
  PieChart,
  Pie,
  Tooltip,
  Cell,
  ResponsiveContainer,
} from ''recharts'';

const expenseData = [
  { category: ''식비'', amount: 25000 },
  { category: ''교통비'', amount: 15000 },
  { category: ''문화비'', amount: 10000 },
  { category: ''기타'', amount: 5000 },
];

const COLORS = [''#ff6384'', ''#36a2eb'', ''#FFCE56'', ''#4bc0c0''];

const App: React.FC = () => {
  const totalExpense = expenseData.reduce((total, item) => total + item.amount, 0);

  return (
    <div className="flex flex-col items-center justify-center h-screen p-6 bg-gradient-to-r from-indigo-300 via-purple-300 to-pink-300">
      <h1 className="text-4xl font-bold text-white mb-6 shadow-md">💰 용돈 사용 내역서</h1>
      <div className="bg-white p-5 rounded-lg shadow-lg w-full max-w-md mb-6">
        <h2 className="text-2xl font-semibold text-gray-800 mb-4">총 지출: 
          <span className="font-extrabold text-purple-600"> {totalExpense.toLocaleString()} 원</span>
        </h2>
        <div className="flex flex-col divide-y divide-gray-200">
          {expenseData.map((expense, index) => (
            <div key={index} className="flex justify-between py-2 hover:bg-gray-100 transition duration-300">
              <span className="text-gray-700">{expense.category}</span>
              <span className="font-semibold text-gray-900">{expense.amount.toLocaleString()} 원</span>
            </div>
          ))}
        </div>
      </div>
      
      <div className="bg-white p-5 rounded-lg shadow-lg w-full max-w-md">
        <h3 className="text-xl font-semibold text-gray-800 mb-4">🏦 지출 패턴</h3>
        <ResponsiveContainer width="100%" height={300}>
          <PieChart>
            <Pie
              data={expenseData}
              dataKey="amount"
              nameKey="category"
              cx="50%"
              cy="50%"
              innerRadius={60}
              outerRadius={80}
              fill="#8884d8"
              label
            >
              {expenseData.map((entry, index) => (
                <Cell key={index} fill={COLORS[index % COLORS.length]} />
              ))}
            </Pie>
            <Tooltip />
          </PieChart>
        </ResponsiveContainer>
      </div>
    </div>
  );
};

export default App;

### 주요 특징:
1. **화려한 배경**: 매력적인 그라데이션 배경을 사용하여 전체적인 분위기를 화사하게 만들었습니다.
2. **타이틀 강조**: 주요 제목에 그림자 효과를 추가하여 시각적으로 부각시켰습니다.
3. **카드 디자인**: 각 섹션을 카드 형태로 구성하여 정보를 보기 쉽게 정리했습니다.
4. **호버 효과**: 내역 항목에 마우스를 올렸을 때 배경색이 변경되는 효과를 추가하여 인터랙티브한 사용자 경험을 제공합니다.
5. **더 나은 시각적 대비**: 텍스트 색상과 배경색을 조화롭게 조정하여 가독성을 높였습니다.

이번 디자인은 더욱 화려하고 매력적이므로 사용자가 보기 좋고 관심을 끌 수 있을 것입니다. 이런 구성은 사용자에게 정보를 명확히 전달하고, 사용 경험을 향상시키기 위해 신경 쓴 결과입니다.', NULL, NULL, '2026-04-17 19:39:49.538381+00', '[]', 'project', NULL) ON CONFLICT (id) DO NOTHING;
INSERT INTO public.ui_builder_messages (id, project_id, role, content, tokens_in, tokens_out, created_at, ui_calls, scope, dashboard_id) VALUES ('39d15225-be67-44df-b17d-a6c150917899', '35cbad53-43ee-4f1c-9bf0-48cc2630bcd7', 'user', '똑같이 다시 만들어줘.', NULL, NULL, '2026-04-17 19:45:31.405155+00', '[]', 'project', NULL) ON CONFLICT (id) DO NOTHING;
INSERT INTO public.ui_builder_messages (id, project_id, role, content, tokens_in, tokens_out, created_at, ui_calls, scope, dashboard_id) VALUES ('39e3041c-8f4e-47fc-ab2a-56afab0670b9', '35cbad53-43ee-4f1c-9bf0-48cc2630bcd7', 'assistant', '아래는 위와 똑같은 디자인의 용돈 사용 내역서 샘플 페이지입니다. 주의 깊게 시각적으로 매력적이고 사용자 친화적인 요소를 포함했습니다.

import React from ''react'';
import {
  PieChart,
  Pie,
  Tooltip,
  Cell,
  ResponsiveContainer,
} from ''recharts'';

const expenseData = [
  { category: ''식비'', amount: 25000 },
  { category: ''교통비'', amount: 15000 },
  { category: ''문화비'', amount: 10000 },
  { category: ''기타'', amount: 5000 },
];

const COLORS = [''#ff6384'', ''#36a2eb'', ''#FFCE56'', ''#4bc0c0''];

const App: React.FC = () => {
  const totalExpense = expenseData.reduce((total, item) => total + item.amount, 0);

  return (
    <div className="flex flex-col items-center justify-center h-screen p-6 bg-gradient-to-r from-indigo-300 via-purple-300 to-pink-300">
      <h1 className="text-4xl font-bold text-white mb-6 shadow-md">💰 용돈 사용 내역서</h1>
      <div className="bg-white p-5 rounded-lg shadow-lg w-full max-w-md mb-6">
        <h2 className="text-2xl font-semibold text-gray-800 mb-4">총 지출: 
          <span className="font-extrabold text-purple-600"> {totalExpense.toLocaleString()} 원</span>
        </h2>
        <div className="flex flex-col divide-y divide-gray-200">
          {expenseData.map((expense, index) => (
            <div key={index} className="flex justify-between py-2 hover:bg-gray-100 transition duration-300">
              <span className="text-gray-700">{expense.category}</span>
              <span className="font-semibold text-gray-900">{expense.amount.toLocaleString()} 원</span>
            </div>
          ))}
        </div>
      </div>
      
      <div className="bg-white p-5 rounded-lg shadow-lg w-full max-w-md">
        <h3 className="text-xl font-semibold text-gray-800 mb-4">🏦 지출 패턴</h3>
        <ResponsiveContainer width="100%" height={300}>
          <PieChart>
            <Pie
              data={expenseData}
              dataKey="amount"
              nameKey="category"
              cx="50%"
              cy="50%"
              innerRadius={60}
              outerRadius={80}
              fill="#8884d8"
              label
            >
              {expenseData.map((entry, index) => (
                <Cell key={index} fill={COLORS[index % COLORS.length]} />
              ))}
            </Pie>
            <Tooltip />
          </PieChart>
        </ResponsiveContainer>
      </div>
    </div>
  );
};

export default App;

위 코드는 이전과 동일한 용돈 사용 내역서 페이지이며, 사용자에게 시각적으로 매력적인 정보를 제공합니다. 페이지와 차트는 깔끔한 디자인과 분명한 정보를 제공하여, 사용자가 쉽게 이해할 수 있도록 구성되었습니다. 백그라운드 그라데이션, 카드 디자인, 호버 효과 등을 통해 사용자의 경험을 개선하는 요소들이 포함되어 있습니다.', NULL, NULL, '2026-04-17 19:45:45.989326+00', '[]', 'project', NULL) ON CONFLICT (id) DO NOTHING;
INSERT INTO public.ui_builder_messages (id, project_id, role, content, tokens_in, tokens_out, created_at, ui_calls, scope, dashboard_id) VALUES ('440ef116-2bac-46b9-affc-eb93a45d25a5', '35cbad53-43ee-4f1c-9bf0-48cc2630bcd7', 'user', '여러카드로 구성된 방문록 페이지 구성해줘. 샘플로 글을 작성하고 작성자들의 방목록 리스트를 표 형태로 하단에 표시해줘.', NULL, NULL, '2026-04-17 20:12:16.870801+00', '[]', 'project', NULL) ON CONFLICT (id) DO NOTHING;
INSERT INTO public.ui_builder_messages (id, project_id, role, content, tokens_in, tokens_out, created_at, ui_calls, scope, dashboard_id) VALUES ('5ced0af7-5c6f-4239-96cb-08bcbad79131', '35cbad53-43ee-4f1c-9bf0-48cc2630bcd7', 'assistant', '아래는 여러 카드로 구성된 방문록 페이지 샘플입니다. 각 카드에는 작성한 글과 작성자의 정보가 포함되어 있으며, 아래쪽에는 작성자들의 방명록 리스트를 표 형태로 보여줍니다.

import React, { useState } from ''react'';

interface GuestBookEntry {
  name: string;
  message: string;
}

const initialEntries: GuestBookEntry[] = [
  { name: ''홍길동'', message: ''안녕하세요! 좋은 하루 되세요!'' },
  { name: ''김영희'', message: ''방문해주셔서 감사합니다!'' },
  { name: ''이철수'', message: ''아주 유익한 정보였습니다!'' },
];

const App: React.FC = () => {
  const [entries, setEntries] = useState<GuestBookEntry[]>(initialEntries);
  const [name, setName] = useState('''');
  const [message, setMessage] = useState('''');

  const handleSubmit = (e: React.FormEvent) => {
    e.preventDefault();
    if (name && message) {
      setEntries([...entries, { name, message }]);
      setName('''');
      setMessage('''');
    }
  };

  return (
    <div className="flex flex-col items-center p-6 bg-gradient-to-br from-blue-200 to-green-200">
      <h1 className="text-4xl font-bold text-gray-800 mb-4">📝 방문록</h1>
      
      <form onSubmit={handleSubmit} className="flex flex-col mb-6 w-full max-w-md bg-white p-5 rounded-lg shadow-lg">
        <input
          type="text"
          placeholder="이름을 입력하세요"
          value={name}
          onChange={(e) => setName(e.target.value)}
          className="border p-2 rounded mb-4"
        />
        <textarea
          placeholder="글을 작성하세요"
          value={message}
          onChange={(e) => setMessage(e.target.value)}
          className="border p-2 rounded mb-4"
        />
        <button type="submit" className="bg-blue-500 text-white p-2 rounded">작성하기</button>
      </form>

      <div className="grid grid-cols-1 gap-4 w-full max-w-md mb-8">
        {entries.map((entry, index) => (
          <div key={index} className="bg-white p-4 rounded-lg shadow-md">
            <h2 className="font-semibold text-gray-800">{entry.name}</h2>
            <p className="text-gray-600">{entry.message}</p>
          </div>
        ))}
      </div>

      <h2 className="text-2xl font-semibold text-gray-800 mb-2">작성자 방명록 리스트</h2>
      <div className="overflow-x-auto bg-white rounded-lg shadow-lg w-full max-w-md">
        <table className="min-w-full">
          <thead>
            <tr className="bg-gray-200">
              <th className="py-2 text-left">이름</th>
              <th className="py-2 text-left">메시지</th>
            </tr>
          </thead>
          <tbody>
            {entries.map((entry, index) => (
              <tr key={index} className="border-b">
                <td className="py-2 px-4">{entry.name}</td>
                <td className="py-2 px-4">{entry.message}</td>
              </tr>
            ))}
          </tbody>
        </table>
      </div>
    </div>
  );
};

export default App;

### 설명:
1. **방문록 카드**: 각 카드에는 이름과 메시지가 포함되어 있으며, 방문록에 작성된 내용을 보여줍니다.
2. **입력 폼**: 사용자는 이름과 메시지를 입력하고 "작성하기" 버튼을 눌러 새로운 메시지를 추가할 수 있습니다.
3. **방명록 리스트**: 작성자가 입력한 내용을 표 형식으로 하단에 표시하여 전체 목록을 쉽게 확인할 수 있습니다.
4. **스타일링**: Tailwind CSS를 기반으로 전체적인 레이아웃과 디자인이 깔끔하고 현대적으로 구성되어 있습니다.

이 코드를 사용하면 방문록 페이지를 쉽게 생성하고, 사용자들이 메시지를 남길 수 있는 기능을 제공할 수 있습니다.', NULL, NULL, '2026-04-17 20:12:34.178339+00', '[]', 'project', NULL) ON CONFLICT (id) DO NOTHING;
INSERT INTO public.ui_builder_messages (id, project_id, role, content, tokens_in, tokens_out, created_at, ui_calls, scope, dashboard_id) VALUES ('a5f4cdb3-6e36-494f-95cf-c5cf56dcea6b', '35cbad53-43ee-4f1c-9bf0-48cc2630bcd7', 'user', '더 디자인 적으로 풍성하게 구성해줘 실제 카드로 좀 넣어 주고.', NULL, NULL, '2026-04-17 20:16:47.810743+00', '[]', 'project', NULL) ON CONFLICT (id) DO NOTHING;
INSERT INTO public.ui_builder_messages (id, project_id, role, content, tokens_in, tokens_out, created_at, ui_calls, scope, dashboard_id) VALUES ('acea5213-7ff9-48c2-8aaa-edb824c904c0', '35cbad53-43ee-4f1c-9bf0-48cc2630bcd7', 'assistant', '아래는 실제 카드 디자인을 사용하여 방문록 페이지를 더 풍성하게 구성한 코드입니다. 카드와 입력폼을 스타일링하여 전체적으로 매력적이고 사용하기 쉬운 인터페이스를 제공합니다. 각 방문 기록은 카드 형태로 디스플레이됩니다.

import React, { useState } from ''react'';

interface GuestBookEntry {
  name: string;
  message: string;
}

const initialEntries: GuestBookEntry[] = [
  { name: ''홍길동'', message: ''안녕하세요! 좋은 하루 되세요!'' },
  { name: ''김영희'', message: ''방문해주셔서 감사합니다!'' },
  { name: ''이철수'', message: ''아주 유익한 정보였습니다!'' },
];

const App: React.FC = () => {
  const [entries, setEntries] = useState<GuestBookEntry[]>(initialEntries);
  const [name, setName] = useState('''');
  const [message, setMessage] = useState('''');

  const handleSubmit = (e: React.FormEvent) => {
    e.preventDefault();
    if (name && message) {
      setEntries([...entries, { name, message }]);
      setName('''');
      setMessage('''');
    }
  };

  return (
    <div className="flex flex-col items-center p-8 bg-gradient-to-br from-blue-200 to-green-200 min-h-screen">
      <h1 className="text-4xl font-bold text-gray-800 mb-4">📝 방문록</h1>
      
      <form onSubmit={handleSubmit} className="flex flex-col mb-10 w-full max-w-md bg-white p-5 rounded-lg shadow-lg">
        <input
          type="text"
          placeholder="이름을 입력하세요"
          value={name}
          onChange={(e) => setName(e.target.value)}
          className="border p-2 rounded mb-4 focus:outline-none focus:ring-2 focus:ring-blue-400"
        />
        <textarea
          placeholder="글을 작성하세요"
          value={message}
          onChange={(e) => setMessage(e.target.value)}
          className="border p-2 rounded mb-4 focus:outline-none focus:ring-2 focus:ring-blue-400"
          rows={4}
        />
        <button type="submit" className="bg-blue-500 text-white p-2 rounded hover:bg-blue-600 transition">작성하기</button>
      </form>

      <div className="grid grid-cols-1 gap-4 w-full max-w-md mb-8">
        {entries.map((entry, index) => (
          <div key={index} className="bg-white p-5 rounded-lg shadow-md transition transform hover:scale-105">
            <h3 className="font-semibold text-gray-800 text-xl">{entry.name}</h3>
            <p className="text-gray-600 mt-2">{entry.message}</p>
          </div>
        ))}
      </div>

      <h2 className="text-2xl font-semibold text-gray-800 mb-2">작성자 방명록 리스트</h2>
      <div className="overflow-x-auto bg-white rounded-lg shadow-lg w-full max-w-md">
        <table className="min-w-full">
          <thead>
            <tr className="bg-gray-200">
              <th className="py-2 text-left">이름</th>
              <th className="py-2 text-left">메시지</th>
            </tr>
          </thead>
          <tbody>
            {entries.map((entry, index) => (
              <tr key={index} className="border-b hover:bg-gray-100">
                <td className="py-2 px-4">{entry.name}</td>
                <td className="py-2 px-4">{entry.message}</td>
              </tr>
            ))}
          </tbody>
        </table>
      </div>
    </div>
  );
};

export default App;

### 디자인 개선 사항:
1. **폼 스타일링**: 입력 필드와 버튼을 더 돋보이게 하기 위해 포커스 시 링 효과를 추가했습니다.
2. **카드 스타일**: 각 카드에 그림자 및 호버 시 크기 변경 효과를 주어서 입체감을 높였습니다.
3. **조화로운 색상**: 배경 그라데이션을 통해 페이지가 더욱 환하고 생동감 있게 보이도록 했습니다.
4. **유동 그리드**: 각 방문 기록은 카드 형태로 자동 정렬되어 다양한 화면 크기에서 잘 보이도록 구성했습니다.
5. **타이포그래피**: 제목과 메시지의 크기와 색상을 조정하여 시각적 강조를 높였습니다.

이 페이지는 사용자가 방문록에 남긴 메시지들을 보기 쉽게 카드 형태로 배치하고, 입력 폼을 통해 쉽게 새 메시지를 추가할 수 있도록 되어 있습니다. 이렇게 구성된 방문록 페이지는 사용자가 더욱 쉽게 활용할 수 있고, 시각적으로도 풍부하게 느껴질 것입니다.', NULL, NULL, '2026-04-17 20:17:06.283556+00', '[]', 'project', NULL) ON CONFLICT (id) DO NOTHING;
INSERT INTO public.ui_builder_messages (id, project_id, role, content, tokens_in, tokens_out, created_at, ui_calls, scope, dashboard_id) VALUES ('d008a5cb-81bc-4b3b-80fa-802febddc6c0', '35cbad53-43ee-4f1c-9bf0-48cc2630bcd7', 'user', '갤러리 홈페이지 샘플 만들어줘.', NULL, NULL, '2026-04-17 20:21:42.138011+00', '[]', 'project', NULL) ON CONFLICT (id) DO NOTHING;
INSERT INTO public.ui_builder_messages (id, project_id, role, content, tokens_in, tokens_out, created_at, ui_calls, scope, dashboard_id) VALUES ('0f7c8fbb-f8f0-4245-bdc3-34071e03b8c6', '35cbad53-43ee-4f1c-9bf0-48cc2630bcd7', 'assistant', '아래는 간단한 갤러리 홈페이지 샘플 코드입니다. 이 페이지는 이미지 카드를 그리드 형식으로 보여주며, 각 이미지에 대한 설명을 포함하고 있습니다. 전체적인 디자인은 현대적이고 깔끔하며, Tailwind CSS를 사용하여 스타일링되었습니다.

import React from ''react'';

const images = [
  {
    id: 1,
    src: ''https://via.placeholder.com/300x200?text=Image+1'',
    title: ''작품 1'',
    description: ''이것은 작품 1의 설명입니다.'',
  },
  {
    id: 2,
    src: ''https://via.placeholder.com/300x200?text=Image+2'',
    title: ''작품 2'',
    description: ''이것은 작품 2의 설명입니다.'',
  },
  {
    id: 3,
    src: ''https://via.placeholder.com/300x200?text=Image+3'',
    title: ''작품 3'',
    description: ''이것은 작품 3의 설명입니다.'',
  },
  {
    id: 4,
    src: ''https://via.placeholder.com/300x200?text=Image+4'',
    title: ''작품 4'',
    description: ''이것은 작품 4의 설명입니다.'',
  },
  {
    id: 5,
    src: ''https://via.placeholder.com/300x200?text=Image+5'',
    title: ''작품 5'',
    description: ''이것은 작품 5의 설명입니다.'',
  },
  {
    id: 6,
    src: ''https://via.placeholder.com/300x200?text=Image+6'',
    title: ''작품 6'',
    description: ''이것은 작품 6의 설명입니다.'',
  },
];

const App: React.FC = () => {
  return (
    <div className="flex flex-col items-center p-6 bg-gradient-to-br from-purple-200 to-blue-200 min-h-screen">
      <h1 className="text-4xl font-bold text-gray-800 mb-8">🎨 갤러리</h1>
      <div className="grid grid-cols-1 sm:grid-cols-2 md:grid-cols-3 gap-6 w-full max-w-6xl">
        {images.map((image) => (
          <div key={image.id} className="bg-white rounded-lg overflow-hidden shadow-lg hover:shadow-xl transition-shadow duration-300">
            <img src={image.src} alt={image.title} className="w-full h-48 object-cover" />
            <div className="p-4">
              <h2 className="text-xl font-semibold">{image.title}</h2>
              <p className="text-gray-600">{image.description}</p>
            </div>
          </div>
        ))}
      </div>
    </div>
  );
};

export default App;

### 구성 요소 설명:
1. **이미지 배열**: 각 이미지에는 고유 ID, 소스 링크, 제목 및 설명이 포함되어 있습니다. 이 예제에서는 `placeholder` API를 사용하여 더미 이미지를 표시하고 있습니다.
2. **갤러리 제목**: 페이지 상단에는 갤러리 제목이 표시됩니다.
3. **그리드 레이아웃**: `grid` 클래스를 사용하여 반응형 그리드 레이아웃으로 이미지를 표시했습니다. 다양한 화면 크기에서도 잘 보이도록 `grid-cols`를 사용했습니다.
4. **카드 디자인**: 각 이미지는 카드 형태로 표시되며, 호버 시 그림자 효과가 변화하여 입체적으로 보이도록 설정하였습니다.
5. **Tailwind CSS**: 간결한 스타일링을 위해 Tailwind CSS 유틸리티 클래스를 활용했습니다.

### 미리보기:
이 코드를 실행하면 사용자가 시각적으로 매력적인 갤러리를 생성할 수 있으며, 여러 이미지를 추가 및 수정하여 갤러리를 확장할 수 있습니다. 현대적인 디자인과 반응형 레이아웃을 통해 사용자 경험이 향상됩니다.', NULL, NULL, '2026-04-17 20:21:59.20281+00', '[]', 'project', NULL) ON CONFLICT (id) DO NOTHING;
INSERT INTO public.ui_builder_messages (id, project_id, role, content, tokens_in, tokens_out, created_at, ui_calls, scope, dashboard_id) VALUES ('30a30723-6892-4ff3-b1f2-bb2c4c580770', '35cbad53-43ee-4f1c-9bf0-48cc2630bcd7', 'user', '진짜 이미지 주소 넣어서 다시 만들어줘.', NULL, NULL, '2026-04-17 20:31:03.508678+00', '[]', 'project', NULL) ON CONFLICT (id) DO NOTHING;
INSERT INTO public.ui_builder_messages (id, project_id, role, content, tokens_in, tokens_out, created_at, ui_calls, scope, dashboard_id) VALUES ('eb463dc6-a5c4-4645-82bf-a300dc844dae', '35cbad53-43ee-4f1c-9bf0-48cc2630bcd7', 'assistant', '아래는 실제 이미지 주소를 사용하여 갤러리 홈페이지 샘플 코드를 작성한 것입니다. 이 갤러리는 다양한 작품을 조화롭게 보여줍니다.

```tsx file=/App.tsx
import React from "react";

const images = [
  {
    id: 1,
    src: "https://images.unsplash.com/photo-1555685813-47032115f6ab?crop=entropy&cs=tinysrgb&fit=max&fm=jpg&ixid=MnwxMTc3N3wwfDF8c2VhcmNofDJ8fGFydCUyMHBvc3R8ZW58MHx8fHwxNjcwNDM1MjAw&ixlib=rb-1.2.1&q=80&w=400",
    title: "작품 1",
    description: "이것은 작품 1의 설명입니다.",
  },
  {
    id: 2,
    src: "https://images.unsplash.com/photo-1506748686214-e9df14d4d9d0?crop=entropy&cs=tinysrgb&fit=max&fm=jpg&ixid=MnwxMTc3N3wwfDF8c2VhcmNofDE0fHxmbG93ZXIlMjBhcnR8ZW58MHx8fHwxNjcwNDM1MjAw&ixlib=rb-1.2.1&q=80&w=400",
    title: "작품 2",
    description: "이것은 작품 2의 설명입니다.",
  },
  {
    id: 3,
    src: "https://images.unsplash.com/photo-1479227791390-321c6f840be1?crop=entropy&cs=tinysrgb&fit=max&fm=jpg&ixid=MnwxMTc3N3wwfDF8c2VhcmNofDE4fHxhcnQlMjBjb2xvcmZ1bCUyMHBvc3RlcmF8ZW58MHx8fHwxNjcwNDM1MjAw&ixlib=rb-1.2.1&q=80&w=400",
    title: "작품 3",
    description: "이것은 작품 3의 설명입니다.",
  },
  {
    id: 4,
    src: "https://images.unsplash.com/photo-1465476120570-988ef21cf640?crop=entropy&cs=tinysrgb&fit=max&fm=jpg&ixid=MnwxMTc3N3wwfDF8c2VhcmNofDQyfHxibG9jZXIlMjBhcnR8ZW58MHx8fHwxNjcwNDM1MjAw&ixlib=rb-1.2.1&q=80&w=400",
    title: "작품 4",
    description: "이것은 작품 4의 설명입니다.",
  },
  {
    id: 5,
    src: "https://images.unsplash.com/photo-1529706422058-3e4f5f7b0b85?crop=entropy&cs=tinysrgb&fit=max&fm=jpg&ixid=MnwxMTc3N3wwfDF8c2VhcmNofDE0fHxhdHRyeXxlbnwwfHx8fDE2NzA0MzUyMDg&ixlib=rb-1.2.1&q=80&w=400",
    title: "작품 5",
    description: "이것은 작품 5의 설명입니다.",
  },
  {
    id: 6,
    src: "https://images.unsplash.com/photo-1506748686214-e9df14d4d9d0?crop=entropy&cs=tinysrgb&fit=max&fm=jpg&ixid=MnwxMTc3N3wwfDF8c2VhcmNofDE2fHxhcnQlMjBjb2xvcmZ1bCUyMHBvc3RlcmF8ZW58MHx8fHwxNjcwNDM1MjAw&ixlib=rb-1.2.1&q=80&w=400",
    title: "작품 6",
    description: "이것은 작품 6의 설명입니다.",
  },
];

const App: React.FC = () => {
  return (
    <div className="flex flex-col items-center p-6 bg-gradient-to-br from-purple-200 to-blue-200 min-h-screen">
      <h1 className="text-4xl font-bold text-gray-800 mb-8">🎨 갤러리</h1>
      <div className="grid grid-cols-1 sm:grid-cols-2 md:grid-cols-3 gap-6 w-full max-w-6xl">
        {images.map((image) => (
          <div
            key={image.id}
            className="bg-white rounded-lg overflow-hidden shadow-lg hover:shadow-xl transition-shadow duration-300"
          >
            <img
              src={image.src}
              alt={image.title}
              className="w-full h-48 object-cover"
            />
            <div className="p-4">
              <h2 className="text-xl font-semibold">{image.title}</h2>
              <p className="text-gray-600">{image.description}</p>
            </div>
          </div>
        ))}
      </div>
    </div>
  );
};

export default App;
```

### 설명:
1. **실제 이미지 URL**: Unsplash에서 제공하는 이미지 URL을 사용하여 더미 이미지를 실제 이미지로 교체했습니다.
2. **갤러리 레이아웃**: 반응형 그리드 레이아웃을 사용하여 다양한 화면 크기에서 자동으로 정렬됩니다.
3. **카드 디자인**: 각 이미지는 카드 형태로 표시되어 있습니다. 마우스를 올리면 그림자가 변화하는 효과를 줘서 시각적으로 돋보입니다.
4. **Tailwind CSS**: 디자인을 구성하기 위해 Tailwind CSS 유틸리티 클래스를 사용했습니다.

이 코드를 사용하면 실제 이미지를 포함한 갤러리 페이지를 쉽게 생성할 수 있습니다. 사용자의 경험을 개선하고, 매력적인 인터페이스를 제공하기 위해 디자인에 신경 썼습니다.', NULL, NULL, '2026-04-17 20:31:28.253191+00', '[]', 'project', NULL) ON CONFLICT (id) DO NOTHING;
INSERT INTO public.ui_builder_messages (id, project_id, role, content, tokens_in, tokens_out, created_at, ui_calls, scope, dashboard_id) VALUES ('36291907-be34-45b5-97c7-08239476f9ae', '35cbad53-43ee-4f1c-9bf0-48cc2630bcd7', 'user', '좀더 개선해서 다시 만들어줘.', NULL, NULL, '2026-04-18 00:45:51.632579+00', '[]', 'project', NULL) ON CONFLICT (id) DO NOTHING;
INSERT INTO public.ui_builder_messages (id, project_id, role, content, tokens_in, tokens_out, created_at, ui_calls, scope, dashboard_id) VALUES ('7f58e87f-f01b-4972-850d-cf4589be810a', '35cbad53-43ee-4f1c-9bf0-48cc2630bcd7', 'assistant', '아래는 개선된 갤러리 홈페이지 샘플 코드입니다. 이 버전에서는 이미지의 레이아웃, 스타일, 카드 디자인 및 호버 효과를 더욱 풍부하게 만들었습니다. 카드 안에 작업 설명과 저자 정보를 포함하여 갤러리의 정보를 더욱 잘 전달하고, 반응형 디자인을 강화했습니다.

```tsx file=/App.tsx
import React from ''react'';

const images = [
  {
    id: 1,
    src: ''https://images.unsplash.com/photo-1555685813-47032115f6ab?crop=entropy&cs=tinysrgb&fit=max&fm=jpg&ixid=MnwxMTc3N3wwfDF8c2VhcmNofDJ8fGFydCUyMHBvc3R8ZW58MHx8fHwxNjcwNDM1MjAw&ixlib=rb-1.2.1&q=80&w=400'',
    title: ''작품 1'',
    description: ''이것은 작품 1의 설명입니다.'',
    author: ''작가 A'',
  },
  {
    id: 2,
    src: ''https://images.unsplash.com/photo-1506748686214-e9df14d4d9d0?crop=entropy&cs=tinysrgb&fit=max&fm=jpg&ixid=MnwxMTc3N3wwfDF8c2VhcmNofDE0fHxmbG93ZXIlMjBhcnR8ZW58MHx8fHwxNjcwNDM1MjAw&ixlib=rb-1.2.1&q=80&w=400'',
    title: ''작품 2'',
    description: ''이것은 작품 2의 설명입니다.'',
    author: ''작가 B'',
  },
  {
    id: 3,
    src: ''https://images.unsplash.com/photo-1479227791390-321c6f840be1?crop=entropy&cs=tinysrgb&fit=max&fm=jpg&ixid=MnwxMTc3N3wwfDF8c2VhcmNofDE4fHxhcnQlMjBjb2xvcmZ1bCUyMHBvc3RlcmF8ZW58MHx8fHwxNjcwNDM1MjAw&ixlib=rb-1.2.1&q=80&w=400'',
    title: ''작품 3'',
    description: ''이것은 작품 3의 설명입니다.'',
    author: ''작가 C'',
  },
  {
    id: 4,
    src: ''https://images.unsplash.com/photo-1465476120570-988ef21cf640?crop=entropy&cs=tinysrgb&fit=max&fm=jpg&ixid=MnwxMTc3N3wwfDF8c2VhcmNofDQyfHxibG9jZXIlMjBhcnR8ZW58MHx8fHwxNjcwNDM1MjAw&ixlib=rb-1.2.1&q=80&w=400'',
    title: ''작품 4'',
    description: ''이것은 작품 4의 설명입니다.'',
    author: ''작가 D'',
  },
  {
    id: 5,
    src: ''https://images.unsplash.com/photo-1529706422058-3e4f5f7b0b85?crop=entropy&cs=tinysrgb&fit=max&fm=jpg&ixid=MnwxMTc3N3wwfDF8c2VhcmNofDE0fHxhdHRyeXxlbnwwfHx8fDE2NzA0MzUyMDg&ixlib=rb-1.2.1&q=80&w=400'',
    title: ''작품 5'',
    description: ''이것은 작품 5의 설명입니다.'',
    author: ''작가 E'',
  },
  {
    id: 6,
    src: ''https://images.unsplash.com/photo-1506748686214-e9df14d4d9d0?crop=entropy&cs=tinysrgb&fit=max&fm=jpg&ixid=MnwxMTc3N3wwfDF8c2VhcmNofDE2fHxhcnQlMjBjb2xvcmZ1bCUyMHBvc3RlcmF8ZW58MHx8fHwxNjcwNDM1MjAw&ixlib=rb-1.2.1&q=80&w=400'',
    title: ''작품 6'',
    description: ''이것은 작품 6의 설명입니다.'',
    author: ''작가 F'',
  },
];

const App: React.FC = () => {
  return (
    <div className="flex flex-col items-center p-6 bg-gradient-to-br from-purple-300 to-blue-300 min-h-screen">
      <h1 className="text-5xl font-bold text-gray-800 mb-8">🎨 갤러리</h1>
      <p className="text-xl text-gray-600 mb-6 text-center w-full max-w-2xl">
        다양한 예술 작품을 감상하세요. 작품에 대한 설명과 작가 정보를 포함하고 있습니다.
      </p>
      <div className="grid grid-cols-1 sm:grid-cols-2 md:grid-cols-3 gap-8 w-full max-w-6xl">
        {images.map((image) => (
          <div key={image.id} className="bg-white rounded-lg overflow-hidden shadow-lg transform transition-transform duration-300 hover:scale-105">
            <img
              src={image.src}
              alt={image.title}
              className="w-full h-48 object-cover"
            />
            <div className="p-4">
              <h2 className="text-xl font-semibold">{image.title}</h2>
              <p className="text-gray-600">{image.description}</p>
              <p className="text-gray-500 italic">{image.author}</p>
            </div>
          </div>
        ))}
      </div>
    </div>
  );
};

export default App;
```

### 개선 사항 설명:
1. **작가 정보 추가**: 각 카드에 작가의 이름을 추가하여 작품에 대한 정보를 더욱 풍부하게 구성했습니다.
2. **다양한 레이아웃**: 작품을 보여주는 그리드 레이아웃을 개선하여 각 이미지 사이의 간격을 넓혀서 보기 좋게 배치했습니다.
3. **타이포그래피 개선**: 제목과 부제목의 폰트 크기 및 색상을 조정하여 가독성을 높였습니다.
4. **카드 디자인**: 카드에 호버 시 크기가 증가하는 효과를 추가하여 사용자 인터랙션을 돋보이게 했습니다.
5. **소개 텍스트**: 페이지 상단에 간단한 설명 텍스트를 추가하여 방문자에게 갤러리의 목적을 알릴 수 있도록 만들었습니다.

이 코드로 구성된 갤러리는 사용자가 다양한 작품을 쉽게 탐색할 수 있도록 하며, 작품에 대한 정보도 잘 전달하도록 디자인되었습니다. 전체적인 시각적 효과를 향상시켜 사용자 경험을 높이고, 예술 작품을 더욱 매력적으로 보여줍니다.', NULL, NULL, '2026-04-18 00:47:00.36666+00', '[]', 'project', NULL) ON CONFLICT (id) DO NOTHING;
INSERT INTO public.ui_builder_messages (id, project_id, role, content, tokens_in, tokens_out, created_at, ui_calls, scope, dashboard_id) VALUES ('7541b49a-2457-4f50-84a4-12d0a7b5c84a', '35cbad53-43ee-4f1c-9bf0-48cc2630bcd7', 'user', '배경색 변경해서 다시', NULL, NULL, '2026-04-18 00:47:58.536772+00', '[]', 'project', NULL) ON CONFLICT (id) DO NOTHING;
INSERT INTO public.ui_builder_messages (id, project_id, role, content, tokens_in, tokens_out, created_at, ui_calls, scope, dashboard_id) VALUES ('6fc713ca-c533-4b33-9fc4-d8346edb1581', '35cbad53-43ee-4f1c-9bf0-48cc2630bcd7', 'assistant', '아래는 배경색을 변경한 갤러리 홈페이지 샘플 코드입니다. 이번에는 배경색을 따뜻한 색조로 바꾸어 더 아늑한 느낌을 주도록 했습니다.

```tsx file=/App.tsx
import React from ''react'';

const images = [
  {
    id: 1,
    src: ''https://images.unsplash.com/photo-1555685813-47032115f6ab?crop=entropy&cs=tinysrgb&fit=max&fm=jpg&ixid=MnwxMTc3N3wwfDF8c2VhcmNofDJ8fGFydCUyMHBvc3R8ZW58MHx8fHwxNjcwNDM1MjAw&ixlib=rb-1.2.1&q=80&w=400'',
    title: ''작품 1'',
    description: ''이것은 작품 1의 설명입니다.'',
    author: ''작가 A'',
  },
  {
    id: 2,
    src: ''https://images.unsplash.com/photo-1506748686214-e9df14d4d9d0?crop=entropy&cs=tinysrgb&fit=max&fm=jpg&ixid=MnwxMTc3N3wwfDF8c2VhcmNofDE0fHxmbG93ZXIlMjBhcnR8ZW58MHx8fHwxNjcwNDM1MjAw&ixlib=rb-1.2.1&q=80&w=400'',
    title: ''작품 2'',
    description: ''이것은 작품 2의 설명입니다.'',
    author: ''작가 B'',
  },
  {
    id: 3,
    src: ''https://images.unsplash.com/photo-1479227791390-321c6f840be1?crop=entropy&cs=tinysrgb&fit=max&fm=jpg&ixid=MnwxMTc3N3wwfDF8c2VhcmNofDE4fHxhcnQlMjBjb2xvcmZ1bCUyMHBvc3RlcmF8ZW58MHx8fHwxNjcwNDM1MjAw&ixlib=rb-1.2.1&q=80&w=400'',
    title: ''작품 3'',
    description: ''이것은 작품 3의 설명입니다.'',
    author: ''작가 C'',
  },
  {
    id: 4,
    src: ''https://images.unsplash.com/photo-1465476120570-988ef21cf640?crop=entropy&cs=tinysrgb&fit=max&fm=jpg&ixid=MnwxMTc3N3wwfDF8c2VhcmNofDQyfHxibG9jZXIlMjBhcnR8ZW58MHx8fHwxNjcwNDM1MjAw&ixlib=rb-1.2.1&q=80&w=400'',
    title: ''작품 4'',
    description: ''이것은 작품 4의 설명입니다.'',
    author: ''작가 D'',
  },
  {
    id: 5,
    src: ''https://images.unsplash.com/photo-1529706422058-3e4f5f7b0b85?crop=entropy&cs=tinysrgb&fit=max&fm=jpg&ixid=MnwxMTc3N3wwfDF8c2VhcmNofDE0fHxhdHRyeXxlbnwwfHx8fDE2NzA0MzUyMDg&ixlib=rb-1.2.1&q=80&w=400'',
    title: ''작품 5'',
    description: ''이것은 작품 5의 설명입니다.'',
    author: ''작가 E'',
  },
  {
    id: 6,
    src: ''https://images.unsplash.com/photo-1506748686214-e9df14d4d9d0?crop=entropy&cs=tinysrgb&fit=max&fm=jpg&ixid=MnwxMTc3N3wwfDF8c2VhcmNofDE2fHxhcnQlMjBjb2xvcmZ1bCUyMHBvc3RlcmF8ZW58MHx8fHwxNjcwNDM1MjAw&ixlib=rb-1.2.1&q=80&w=400'',
    title: ''작품 6'',
    description: ''이것은 작품 6의 설명입니다.'',
    author: ''작가 F'',
  },
];

const App: React.FC = () => {
  return (
    <div className="flex flex-col items-center p-6 bg-gradient-to-br from-yellow-200 to-orange-300 min-h-screen">
      <h1 className="text-5xl font-bold text-gray-800 mb-8">🎨 갤러리</h1>
      <p className="text-xl text-gray-600 mb-6 text-center w-full max-w-2xl">
        다양한 예술 작품을 감상하세요. 작품에 대한 설명과 작가 정보를 포함하고 있습니다.
      </p>
      <div className="grid grid-cols-1 sm:grid-cols-2 md:grid-cols-3 gap-8 w-full max-w-6xl">
        {images.map((image) => (
          <div key={image.id} className="bg-white rounded-lg overflow-hidden shadow-lg transform transition-transform duration-300 hover:scale-105">
            <img
              src={image.src}
              alt={image.title}
              className="w-full h-48 object-cover"
            />
            <div className="p-4">
              <h2 className="text-xl font-semibold">{image.title}</h2>
              <p className="text-gray-600">{image.description}</p>
              <p className="text-gray-500 italic">{image.author}</p>
            </div>
          </div>
        ))}
      </div>
    </div>
  );
};

export default App;
```

### 변경 사항:
1. **배경색**: 배경을 부드러운 노란색에서 오렌지색으로 그라데이션을 적용해 따뜻한 느낌을 주도록 설정했습니다.
2. **디자인 요소**: 카드에 대한 호버 효과와 그라데이션 배경으로 전체적인 아늑함과 예술적인 느낌을 더했습니다.
3. **타이포그래피**: 여전히 깔끔하게 유지하여 가독성을 높였습니다.

이 코드를 사용하면 따뜻하고 초대하는 느낌의 갤러리 홈페이지를 쉽게 구현할 수 있습니다. 사용자는 작품에 대한 설명과 작가 정보를 확인할 수 있으며, 카드 디자인은 시각적으로 매력적입니다.', NULL, NULL, '2026-04-18 00:48:57.661362+00', '[]', 'project', NULL) ON CONFLICT (id) DO NOTHING;
INSERT INTO public.ui_builder_messages (id, project_id, role, content, tokens_in, tokens_out, created_at, ui_calls, scope, dashboard_id) VALUES ('39263f2a-3d7b-4266-ae25-50f26ff172d7', '35cbad53-43ee-4f1c-9bf0-48cc2630bcd7', 'user', '타이틀 변경하고 작품 1개만으로 ', NULL, NULL, '2026-04-18 00:51:29.037276+00', '[]', 'project', NULL) ON CONFLICT (id) DO NOTHING;
INSERT INTO public.ui_builder_messages (id, project_id, role, content, tokens_in, tokens_out, created_at, ui_calls, scope, dashboard_id) VALUES ('c61d92e5-72ed-454f-943a-ed9085422395', 'f568fd27-adbe-479d-92fc-91e8f6b8521e', 'assistant', '', NULL, NULL, '2026-04-19 05:04:52.495934+00', '[{"args": {"range": "1mo", "symbol": "005930"}, "tool": "stock", "error": null, "props": {"range": "1y", "change": 22.64, "series": [{"t": 0, "price": 157.0}, {"t": 1, "price": 158.98}, {"t": 2, "price": 160.53}, {"t": 3, "price": 161.42}, {"t": 4, "price": 161.49}, {"t": 5, "price": 160.76}, {"t": 6, "price": 159.36}, {"t": 7, "price": 157.55}, {"t": 8, "price": 155.65}, {"t": 9, "price": 154.02}, {"t": 10, "price": 152.94}, {"t": 11, "price": 152.62}, {"t": 12, "price": 153.12}, {"t": 13, "price": 154.36}, {"t": 14, "price": 156.15}, {"t": 15, "price": 158.2}, {"t": 16, "price": 160.18}, {"t": 17, "price": 161.81}, {"t": 18, "price": 162.87}, {"t": 19, "price": 163.27}, {"t": 20, "price": 163.06}, {"t": 21, "price": 162.41}, {"t": 22, "price": 161.56}, {"t": 23, "price": 160.82}, {"t": 24, "price": 160.47}, {"t": 25, "price": 160.71}, {"t": 26, "price": 161.62}, {"t": 27, "price": 163.15}, {"t": 28, "price": 165.14}, {"t": 29, "price": 167.3}, {"t": 30, "price": 169.32}, {"t": 31, "price": 170.89}, {"t": 32, "price": 171.76}, {"t": 33, "price": 171.81}, {"t": 34, "price": 171.05}, {"t": 35, "price": 169.62}, {"t": 36, "price": 167.81}, {"t": 37, "price": 165.92}, {"t": 38, "price": 164.32}, {"t": 39, "price": 163.28}, {"t": 40, "price": 163.0}, {"t": 41, "price": 163.52}, {"t": 42, "price": 164.77}, {"t": 43, "price": 166.53}, {"t": 44, "price": 168.51}, {"t": 45, "price": 170.4}, {"t": 46, "price": 171.91}, {"t": 47, "price": 172.85}, {"t": 48, "price": 173.14}, {"t": 49, "price": 172.84}, {"t": 50, "price": 172.12}, {"t": 51, "price": 171.26}, {"t": 52, "price": 170.55}, {"t": 53, "price": 170.27}, {"t": 54, "price": 170.6}, {"t": 55, "price": 171.62}, {"t": 56, "price": 173.26}, {"t": 57, "price": 175.34}, {"t": 58, "price": 177.57}, {"t": 59, "price": 179.64}], "symbol": "005930", "current": 179.64, "change_pct": 14.42}, "status": "ok", "call_id": "call_nv05ynwmYC0DJ6HNFlO5WIEA", "created_at": "2026-04-19T05:04:52.477292+00:00"}]', 'project', NULL) ON CONFLICT (id) DO NOTHING;
INSERT INTO public.ui_builder_messages (id, project_id, role, content, tokens_in, tokens_out, created_at, ui_calls, scope, dashboard_id) VALUES ('895a2149-a9dd-40c2-b82a-0be6d874396b', '35cbad53-43ee-4f1c-9bf0-48cc2630bcd7', 'assistant', '아래는 타이틀을 변경하고 작품을 하나만 표시하는 갤러리 홈페이지 샘플 코드입니다.

```tsx file=/App.tsx
import React from ''react'';

const image = {
  id: 1,
  src: ''https://images.unsplash.com/photo-1555685813-47032115f6ab?crop=entropy&cs=tinysrgb&fit=max&fm=jpg&ixid=MnwxMTc3N3wwfDF8c2VhcmNofDJ8fGFydCUyMHBvc3R8ZW58MHx8fHwxNjcwNDM1MjAw&ixlib=rb-1.2.1&q=80&w=400'',
  title: ''명작 1'',
  description: ''이것은 우리의 시대를 대변하는 명작입니다.'',
  author: ''작가 A'',
};

const App: React.FC = () => {
  return (
    <div className="flex flex-col items-center p-6 bg-gradient-to-br from-yellow-200 to-orange-300 min-h-screen">
      <h1 className="text-5xl font-bold text-gray-800 mb-8">🎨 예술 갤러리</h1>
      <p className="text-xl text-gray-600 mb-6 text-center w-full max-w-2xl">
        이 작품은 우리의 시대를 표현한 예술입니다.
      </p>
      <div className="bg-white rounded-lg overflow-hidden shadow-lg max-w-md">
        <img
          src={image.src}
          alt={image.title}
          className="w-full h-48 object-cover"
        />
        <div className="p-4">
          <h2 className="text-xl font-semibold">{image.title}</h2>
          <p className="text-gray-600">{image.description}</p>
          <p className="text-gray-500 italic">{image.author}</p>
        </div>
      </div>
    </div>
  );
};

export default App;
```

### 변경 사항:
1. **타이틀**: 갤러리의 제목을 "예술 갤러리"로 변경했습니다.
2. **작품 수**: 작품을 하나만 표시하고, 해당 작품의 정보(타이틀, 설명, 작가)를 포함했습니다.
3. **설명 텍스트**: 작품에 대한 간단한 설명을 추가하여 사용자에게 더 많은 정보를 제공하도록 했습니다.

이제 이 코드를 사용하면 기본적인 갤러리 페이지가 구성되어, 하나의 예술 작품을 매력적으로 보여줄 수 있습니다.', NULL, NULL, '2026-04-18 00:51:44.699423+00', '[]', 'project', NULL) ON CONFLICT (id) DO NOTHING;
INSERT INTO public.ui_builder_messages (id, project_id, role, content, tokens_in, tokens_out, created_at, ui_calls, scope, dashboard_id) VALUES ('91fcd06a-f422-43d7-bf7a-0d7b80e32e3d', '35cbad53-43ee-4f1c-9bf0-48cc2630bcd7', 'user', '오늘 날씨 알려 주는 화면 만들어줘.', NULL, NULL, '2026-04-19 03:50:26.49757+00', '[]', 'project', NULL) ON CONFLICT (id) DO NOTHING;
INSERT INTO public.ui_builder_messages (id, project_id, role, content, tokens_in, tokens_out, created_at, ui_calls, scope, dashboard_id) VALUES ('c0bc9f79-7429-44e5-8061-41e8122adcdf', '35cbad53-43ee-4f1c-9bf0-48cc2630bcd7', 'assistant', '날씨 정보를 보여주는 화면을 만드는 것은 외부 API에서 데이터를 가져와야 하기 때문에, 여기서는 UI를 만드는 코드를 제공하고, 실제 날씨 데이터는 사용자가 입력해야 합니다. 날씨 정보를 랜덤하게 생성하거나 미리 정해진 데이터를 사용해 간단한 UI를 만들어 보겠습니다.

아래 코드는 ''오늘 날씨''를 보여주는 화면을 구현한 예시입니다.

```tsx file=/App.tsx
import React, { useState } from ''react'';

const App: React.FC = () => {
  const [location, setLocation] = useState(''서울'');
  const [temperature, setTemperature] = useState(''25°C'');
  const [condition, setCondition] = useState(''맑음'');
  const [description, setDescription] = useState(''오늘은 맑고 기온이 적당합니다.'');

  return (
    <div className="flex flex-col items-center justify-center h-screen p-6 bg-gradient-to-br from-blue-200 to-blue-500">
      <h1 className="text-4xl font-bold text-white mb-4">🌤️ 오늘의 날씨</h1>
      <div className="bg-white rounded-lg shadow-lg p-6 w-full max-w-md text-center">
        <h2 className="text-2xl font-semibold mb-2">{location}</h2>
        <p className="text-3xl font-bold text-blue-600">{temperature}</p>
        <p className="text-xl text-gray-700">{condition}</p>
        <p className="text-gray-600 mt-2">{description}</p>
      </div>
    </div>
  );
};

export default App;
```

### 설명:
1. **위치**: 기본적으로 서울을 위치로 설정하였습니다. 다른 도시로 변경할 수 있습니다.
2. **온도**: `temperature` 상태 변수를 사용하여 현재 온도를 보여줍니다. 예시로 25°C로 설정했습니다.
3. **날씨 조건**: 현재 날씨의 상태를 `condition` 상태 변수로 보여줍니다.
4. **상세 설명**: 짧은 날씨 설명이 포함되어 있습니다.
5. **스타일링**: Tailwind CSS를 사용하여 부드러운 그라데이션 배경과 카드 스타일을 적용했습니다.

이 코드는 기본적인 날씨 UI를 구현한 것이며, 만약 실제 날씨 API와 연동하고 싶다면, 예를 들어 OpenWeatherMap API를 사용하여 날씨 정보를 가져오는 로직을 구현하면 됩니다. 하지만 현재 코드는 정적인 데이터로 날씨 화면을 구성하고 있습니다.', NULL, NULL, '2026-04-19 03:50:43.910394+00', '[]', 'project', NULL) ON CONFLICT (id) DO NOTHING;
INSERT INTO public.ui_builder_messages (id, project_id, role, content, tokens_in, tokens_out, created_at, ui_calls, scope, dashboard_id) VALUES ('a642123c-92da-4860-84d1-77741b948350', 'f568fd27-adbe-479d-92fc-91e8f6b8521e', 'user', '오늘 서울 날씨 보여줘', NULL, NULL, '2026-04-19 05:04:26.434613+00', '[]', 'project', NULL) ON CONFLICT (id) DO NOTHING;
INSERT INTO public.ui_builder_messages (id, project_id, role, content, tokens_in, tokens_out, created_at, ui_calls, scope, dashboard_id) VALUES ('f9e784e9-916c-49d2-b45a-22117a046ef5', 'f568fd27-adbe-479d-92fc-91e8f6b8521e', 'assistant', '', NULL, NULL, '2026-04-19 05:04:38.492666+00', '[{"args": {"location": "Seoul"}, "tool": "weather", "error": null, "props": {"unit": "celsius", "humidity": 42, "location": "Seoul", "wind_kph": 11, "condition": "clear", "temperature": 14}, "status": "ok", "call_id": "call_z5uffUh8GGsydqtq85DWZGdD", "created_at": "2026-04-19T05:04:38.466478+00:00"}]', 'project', NULL) ON CONFLICT (id) DO NOTHING;
INSERT INTO public.ui_builder_messages (id, project_id, role, content, tokens_in, tokens_out, created_at, ui_calls, scope, dashboard_id) VALUES ('5399c25d-eabd-4a9b-b5d0-043589443699', 'f568fd27-adbe-479d-92fc-91e8f6b8521e', 'user', '삼성전자 주가 차트 보여줘', NULL, NULL, '2026-04-19 05:04:50.472492+00', '[]', 'project', NULL) ON CONFLICT (id) DO NOTHING;
INSERT INTO public.ui_builder_messages (id, project_id, role, content, tokens_in, tokens_out, created_at, ui_calls, scope, dashboard_id) VALUES ('88eb073a-eb5c-4f7b-8ba8-bb78531df7a7', 'f568fd27-adbe-479d-92fc-91e8f6b8521e', 'user', '최근 사용자 3명을 테이블로 보여줘', NULL, NULL, '2026-04-19 05:04:53.123514+00', '[]', 'project', NULL) ON CONFLICT (id) DO NOTHING;
INSERT INTO public.ui_builder_messages (id, project_id, role, content, tokens_in, tokens_out, created_at, ui_calls, scope, dashboard_id) VALUES ('9c18b7d7-b671-41ab-b030-657df797488a', 'f568fd27-adbe-479d-92fc-91e8f6b8521e', 'assistant', '', NULL, NULL, '2026-04-19 05:04:54.649568+00', '[{"args": {"title": "최근 사용자 목록", "columns": [{"key": "name", "label": "이름"}, {"key": "email", "label": "이메일"}]}, "tool": "data_table", "error": "1 validation error for DataTableParams\nrows\n  Field required [type=missing, input_value={''title'': ''최근 사용... ''label'': ''이메일''}]}, input_type=dict]\n    For further information visit https://errors.pydantic.dev/2.13/v/missing", "props": null, "status": "error", "call_id": "call_CdI1mUq5EJDDSxkCDeHMMUhD", "created_at": "2026-04-19T05:04:54.524292+00:00"}]', 'project', NULL) ON CONFLICT (id) DO NOTHING;
INSERT INTO public.ui_builder_messages (id, project_id, role, content, tokens_in, tokens_out, created_at, ui_calls, scope, dashboard_id) VALUES ('020c2019-ed40-43ae-80cf-659b74afe972', 'f568fd27-adbe-479d-92fc-91e8f6b8521e', 'user', '애플과 테슬라 주가 1년치 비교 차트', NULL, NULL, '2026-04-19 05:04:55.204298+00', '[]', 'project', NULL) ON CONFLICT (id) DO NOTHING;
INSERT INTO public.ui_builder_messages (id, project_id, role, content, tokens_in, tokens_out, created_at, ui_calls, scope, dashboard_id) VALUES ('8cf1e5b2-590b-4033-bd5a-693546deaf36', 'f568fd27-adbe-479d-92fc-91e8f6b8521e', 'assistant', '', NULL, NULL, '2026-04-19 05:04:56.8388+00', '[{"args": {"range": "1mo", "symbol": "AAPL"}, "tool": "stock", "error": null, "props": {"range": "1mo", "change": 5.41, "series": [{"t": 0, "price": 144.65}, {"t": 1, "price": 146.63}, {"t": 2, "price": 148.18}, {"t": 3, "price": 149.07}, {"t": 4, "price": 149.14}, {"t": 5, "price": 148.41}, {"t": 6, "price": 147.01}, {"t": 7, "price": 145.2}, {"t": 8, "price": 143.3}, {"t": 9, "price": 141.67}, {"t": 10, "price": 140.59}, {"t": 11, "price": 140.27}, {"t": 12, "price": 140.77}, {"t": 13, "price": 142.01}, {"t": 14, "price": 143.8}, {"t": 15, "price": 145.85}, {"t": 16, "price": 147.83}, {"t": 17, "price": 149.46}, {"t": 18, "price": 150.52}, {"t": 19, "price": 150.92}, {"t": 20, "price": 150.71}, {"t": 21, "price": 150.06}], "symbol": "AAPL", "current": 150.06, "change_pct": 3.74}, "status": "ok", "call_id": "call_AaTiM1Qo6fyPUT9kIRXiqDgB", "created_at": "2026-04-19T05:04:56.834405+00:00"}, {"args": {"range": "1mo", "symbol": "TSLA"}, "tool": "stock", "error": null, "props": {"range": "1mo", "change": 5.41, "series": [{"t": 0, "price": 166.65}, {"t": 1, "price": 168.63}, {"t": 2, "price": 170.18}, {"t": 3, "price": 171.07}, {"t": 4, "price": 171.14}, {"t": 5, "price": 170.41}, {"t": 6, "price": 169.01}, {"t": 7, "price": 167.2}, {"t": 8, "price": 165.3}, {"t": 9, "price": 163.67}, {"t": 10, "price": 162.59}, {"t": 11, "price": 162.27}, {"t": 12, "price": 162.77}, {"t": 13, "price": 164.01}, {"t": 14, "price": 165.8}, {"t": 15, "price": 167.85}, {"t": 16, "price": 169.83}, {"t": 17, "price": 171.46}, {"t": 18, "price": 172.52}, {"t": 19, "price": 172.92}, {"t": 20, "price": 172.71}, {"t": 21, "price": 172.06}], "symbol": "TSLA", "current": 172.06, "change_pct": 3.25}, "status": "ok", "call_id": "call_MM3VPOaauycnSc5AzaIEGAMX", "created_at": "2026-04-19T05:04:56.835308+00:00"}]', 'project', NULL) ON CONFLICT (id) DO NOTHING;
INSERT INTO public.ui_builder_messages (id, project_id, role, content, tokens_in, tokens_out, created_at, ui_calls, scope, dashboard_id) VALUES ('8704bb58-52a3-49e9-bf0f-e40314003512', 'f568fd27-adbe-479d-92fc-91e8f6b8521e', 'user', '애플과 테슬라 주가 1년치 비교 차트 보여줘.', NULL, NULL, '2026-04-19 07:08:17.339939+00', '[]', 'project', NULL) ON CONFLICT (id) DO NOTHING;
INSERT INTO public.ui_builder_messages (id, project_id, role, content, tokens_in, tokens_out, created_at, ui_calls, scope, dashboard_id) VALUES ('09457b2f-c61a-4d91-935e-34934c8c7ef6', '7a26c4a5-6ba4-4e84-84b1-cfe1b326a6b0', 'assistant', '✅ 위젯 추가 완료 — `WeatherCard` 추가', NULL, NULL, '2026-04-21 02:12:59.242448+00', '[{"args": {"args": {"location": "경기도 수지 동천동"}, "grid": {"h": 4, "w": 6, "x": 0, "y": 0}, "tool": "weather"}, "tool": "dashboard_add_widget", "error": null, "events": [{"data": {"widget": {"id": "d9f05e2c-9ed9-4c1b-bb60-7dc02643c24b", "tool": "weather", "props": {"unit": "celsius", "humidity": 50, "location": "경기도 수지 동천동", "wind_kph": 10, "condition": "clear", "temperature": 20}, "grid_h": 4, "grid_w": 6, "grid_x": 0, "grid_y": 0, "source": "pin-drag", "call_id": "dash_b79def51819c", "category": null, "component": "WeatherCard", "created_at": "2026-04-21T02:12:59.041512Z", "updated_at": "2026-04-21T02:12:59.041531Z", "dashboard_id": "f399b6f4-7e1e-415c-b35e-27b9ecccdb47", "source_call_id": null, "source_message_id": null}}, "event": "dashboard.widget_added"}], "status": "ok", "call_id": "call_2VD086lWVUiM6HiPwoqpcs9w", "created_at": "2026-04-21T02:12:58.983702+00:00"}]', 'dashboard', 'f399b6f4-7e1e-415c-b35e-27b9ecccdb47') ON CONFLICT (id) DO NOTHING;
INSERT INTO public.ui_builder_messages (id, project_id, role, content, tokens_in, tokens_out, created_at, ui_calls, scope, dashboard_id) VALUES ('88f3a61d-ab3e-43c3-a6be-787be3fd8196', 'f568fd27-adbe-479d-92fc-91e8f6b8521e', 'user', '만들어진 차트를 프리뷰에서 볼수 있게 코드를 작성해줘.', NULL, NULL, '2026-04-19 07:25:29.31507+00', '[]', 'project', NULL) ON CONFLICT (id) DO NOTHING;
INSERT INTO public.ui_builder_messages (id, project_id, role, content, tokens_in, tokens_out, created_at, ui_calls, scope, dashboard_id) VALUES ('e3d39479-9d44-444f-a750-5a74b00c32e9', 'f568fd27-adbe-479d-92fc-91e8f6b8521e', 'assistant', '', NULL, NULL, '2026-04-19 07:25:32.687372+00', '[{"args": {"range": "1y", "symbol": "AAPL"}, "tool": "stock", "error": null, "props": {"range": "1y", "change": 22.64, "series": [{"t": 0, "price": 138.0}, {"t": 1, "price": 139.98}, {"t": 2, "price": 141.53}, {"t": 3, "price": 142.42}, {"t": 4, "price": 142.49}, {"t": 5, "price": 141.76}, {"t": 6, "price": 140.36}, {"t": 7, "price": 138.55}, {"t": 8, "price": 136.65}, {"t": 9, "price": 135.02}, {"t": 10, "price": 133.94}, {"t": 11, "price": 133.62}, {"t": 12, "price": 134.12}, {"t": 13, "price": 135.36}, {"t": 14, "price": 137.15}, {"t": 15, "price": 139.2}, {"t": 16, "price": 141.18}, {"t": 17, "price": 142.81}, {"t": 18, "price": 143.87}, {"t": 19, "price": 144.27}, {"t": 20, "price": 144.06}, {"t": 21, "price": 143.41}, {"t": 22, "price": 142.56}, {"t": 23, "price": 141.82}, {"t": 24, "price": 141.47}, {"t": 25, "price": 141.71}, {"t": 26, "price": 142.62}, {"t": 27, "price": 144.15}, {"t": 28, "price": 146.14}, {"t": 29, "price": 148.3}, {"t": 30, "price": 150.32}, {"t": 31, "price": 151.89}, {"t": 32, "price": 152.76}, {"t": 33, "price": 152.81}, {"t": 34, "price": 152.05}, {"t": 35, "price": 150.62}, {"t": 36, "price": 148.81}, {"t": 37, "price": 146.92}, {"t": 38, "price": 145.32}, {"t": 39, "price": 144.28}, {"t": 40, "price": 144.0}, {"t": 41, "price": 144.52}, {"t": 42, "price": 145.77}, {"t": 43, "price": 147.53}, {"t": 44, "price": 149.51}, {"t": 45, "price": 151.4}, {"t": 46, "price": 152.91}, {"t": 47, "price": 153.85}, {"t": 48, "price": 154.14}, {"t": 49, "price": 153.84}, {"t": 50, "price": 153.12}, {"t": 51, "price": 152.26}, {"t": 52, "price": 151.55}, {"t": 53, "price": 151.27}, {"t": 54, "price": 151.6}, {"t": 55, "price": 152.62}, {"t": 56, "price": 154.26}, {"t": 57, "price": 156.34}, {"t": 58, "price": 158.57}, {"t": 59, "price": 160.64}], "symbol": "AAPL", "current": 160.64, "change_pct": 16.41}, "status": "ok", "call_id": "call_jqAIGrgwoCvxzmy1jFRWLn9F", "created_at": "2026-04-19T07:25:32.680811+00:00"}, {"args": {"range": "1y", "symbol": "TSLA"}, "tool": "stock", "error": null, "props": {"range": "1y", "change": 22.64, "series": [{"t": 0, "price": 160.0}, {"t": 1, "price": 161.98}, {"t": 2, "price": 163.53}, {"t": 3, "price": 164.42}, {"t": 4, "price": 164.49}, {"t": 5, "price": 163.76}, {"t": 6, "price": 162.36}, {"t": 7, "price": 160.55}, {"t": 8, "price": 158.65}, {"t": 9, "price": 157.02}, {"t": 10, "price": 155.94}, {"t": 11, "price": 155.62}, {"t": 12, "price": 156.12}, {"t": 13, "price": 157.36}, {"t": 14, "price": 159.15}, {"t": 15, "price": 161.2}, {"t": 16, "price": 163.18}, {"t": 17, "price": 164.81}, {"t": 18, "price": 165.87}, {"t": 19, "price": 166.27}, {"t": 20, "price": 166.06}, {"t": 21, "price": 165.41}, {"t": 22, "price": 164.56}, {"t": 23, "price": 163.82}, {"t": 24, "price": 163.47}, {"t": 25, "price": 163.71}, {"t": 26, "price": 164.62}, {"t": 27, "price": 166.15}, {"t": 28, "price": 168.14}, {"t": 29, "price": 170.3}, {"t": 30, "price": 172.32}, {"t": 31, "price": 173.89}, {"t": 32, "price": 174.76}, {"t": 33, "price": 174.81}, {"t": 34, "price": 174.05}, {"t": 35, "price": 172.62}, {"t": 36, "price": 170.81}, {"t": 37, "price": 168.92}, {"t": 38, "price": 167.32}, {"t": 39, "price": 166.28}, {"t": 40, "price": 166.0}, {"t": 41, "price": 166.52}, {"t": 42, "price": 167.77}, {"t": 43, "price": 169.53}, {"t": 44, "price": 171.51}, {"t": 45, "price": 173.4}, {"t": 46, "price": 174.91}, {"t": 47, "price": 175.85}, {"t": 48, "price": 176.14}, {"t": 49, "price": 175.84}, {"t": 50, "price": 175.12}, {"t": 51, "price": 174.26}, {"t": 52, "price": 173.55}, {"t": 53, "price": 173.27}, {"t": 54, "price": 173.6}, {"t": 55, "price": 174.62}, {"t": 56, "price": 176.26}, {"t": 57, "price": 178.34}, {"t": 58, "price": 180.57}, {"t": 59, "price": 182.64}], "symbol": "TSLA", "current": 182.64, "change_pct": 14.15}, "status": "ok", "call_id": "call_qFlX9iUVFKIcfhbBZQaIUZcF", "created_at": "2026-04-19T07:25:32.682663+00:00"}]', 'project', NULL) ON CONFLICT (id) DO NOTHING;
INSERT INTO public.ui_builder_messages (id, project_id, role, content, tokens_in, tokens_out, created_at, ui_calls, scope, dashboard_id) VALUES ('9be244fc-7c99-463f-acde-6656ba62e46b', 'f568fd27-adbe-479d-92fc-91e8f6b8521e', 'user', '삼성전자 1년 주가 차트 추가', NULL, NULL, '2026-04-19 10:15:57.398983+00', '[]', 'dashboard', 'e84d494c-6740-42cd-922c-45131e5e3938') ON CONFLICT (id) DO NOTHING;
INSERT INTO public.ui_builder_messages (id, project_id, role, content, tokens_in, tokens_out, created_at, ui_calls, scope, dashboard_id) VALUES ('cd23e0e0-1774-4f01-be9f-7b09492b161d', 'f568fd27-adbe-479d-92fc-91e8f6b8521e', 'assistant', '', NULL, NULL, '2026-04-19 10:16:00.215034+00', '[{"args": {"args": {"range": "6mo", "ticker": "AAPL"}, "tool": "stock"}, "tool": "dashboard_add_widget", "error": "1 validation error for StockParams\nsymbol\n  Field required [type=missing, input_value={''ticker'': ''AAPL'', ''range'': ''6mo''}, input_type=dict]\n    For further information visit https://errors.pydantic.dev/2.13/v/missing", "events": [{"data": {"op": "dashboard_add_widget", "error": "1 validation error for StockParams\nsymbol\n  Field required [type=missing, input_value={''ticker'': ''AAPL'', ''range'': ''6mo''}, input_type=dict]\n    For further information visit https://errors.pydantic.dev/2.13/v/missing"}, "event": "dashboard.op_error"}], "status": "error", "call_id": "call_EHwrnYCSdpmTHmfJicGVhQDK", "created_at": "2026-04-19T10:16:00.210545+00:00"}, {"args": {"args": {"range": "1y", "ticker": "005930.KS"}, "tool": "stock"}, "tool": "dashboard_add_widget", "error": "1 validation error for StockParams\nsymbol\n  Field required [type=missing, input_value={''ticker'': ''005930.KS'', ''range'': ''1y''}, input_type=dict]\n    For further information visit https://errors.pydantic.dev/2.13/v/missing", "events": [{"data": {"op": "dashboard_add_widget", "error": "1 validation error for StockParams\nsymbol\n  Field required [type=missing, input_value={''ticker'': ''005930.KS'', ''range'': ''1y''}, input_type=dict]\n    For further information visit https://errors.pydantic.dev/2.13/v/missing"}, "event": "dashboard.op_error"}], "status": "error", "call_id": "call_TGuZSq960QnbmcUMowJhjGZE", "created_at": "2026-04-19T10:16:00.211087+00:00"}]', 'dashboard', 'e84d494c-6740-42cd-922c-45131e5e3938') ON CONFLICT (id) DO NOTHING;
INSERT INTO public.ui_builder_messages (id, project_id, role, content, tokens_in, tokens_out, created_at, ui_calls, scope, dashboard_id) VALUES ('c247efa8-6f7d-4315-bce1-f5781592ce73', 'f568fd27-adbe-479d-92fc-91e8f6b8521e', 'user', '애플(AAPL) 6개월 주가 차트 추가', NULL, NULL, '2026-04-19 10:20:09.89695+00', '[]', 'dashboard', 'e84d494c-6740-42cd-922c-45131e5e3938') ON CONFLICT (id) DO NOTHING;
INSERT INTO public.ui_builder_messages (id, project_id, role, content, tokens_in, tokens_out, created_at, ui_calls, scope, dashboard_id) VALUES ('003490d7-c299-4090-955b-101b33fdf794', 'f568fd27-adbe-479d-92fc-91e8f6b8521e', 'assistant', '', NULL, NULL, '2026-04-19 07:08:21.301505+00', '[{"args": {"range": "1y", "symbol": "AAPL"}, "tool": "stock", "error": null, "props": {"range": "3mo", "change": 10.3, "series": [{"t": 0, "price": 143.25}, {"t": 1, "price": 145.23}, {"t": 2, "price": 146.78}, {"t": 3, "price": 147.67}, {"t": 4, "price": 147.74}, {"t": 5, "price": 147.01}, {"t": 6, "price": 145.61}, {"t": 7, "price": 143.8}, {"t": 8, "price": 141.9}, {"t": 9, "price": 140.27}, {"t": 10, "price": 139.19}, {"t": 11, "price": 138.87}, {"t": 12, "price": 139.37}, {"t": 13, "price": 140.61}, {"t": 14, "price": 142.4}, {"t": 15, "price": 144.45}, {"t": 16, "price": 146.43}, {"t": 17, "price": 148.06}, {"t": 18, "price": 149.12}, {"t": 19, "price": 149.52}, {"t": 20, "price": 149.31}, {"t": 21, "price": 148.66}, {"t": 22, "price": 147.81}, {"t": 23, "price": 147.07}, {"t": 24, "price": 146.72}, {"t": 25, "price": 146.96}, {"t": 26, "price": 147.87}, {"t": 27, "price": 149.4}, {"t": 28, "price": 151.39}, {"t": 29, "price": 153.55}], "symbol": "AAPL", "current": 153.55, "change_pct": 7.19}, "status": "ok", "call_id": "call_2ahgi2FwVNiniNWOFaRvQpL3", "created_at": "2026-04-19T07:08:21.292233+00:00"}, {"args": {"range": "1y", "symbol": "TSLA"}, "tool": "stock", "error": null, "props": {"range": "1y", "change": 22.64, "series": [{"t": 0, "price": 160.0}, {"t": 1, "price": 161.98}, {"t": 2, "price": 163.53}, {"t": 3, "price": 164.42}, {"t": 4, "price": 164.49}, {"t": 5, "price": 163.76}, {"t": 6, "price": 162.36}, {"t": 7, "price": 160.55}, {"t": 8, "price": 158.65}, {"t": 9, "price": 157.02}, {"t": 10, "price": 155.94}, {"t": 11, "price": 155.62}, {"t": 12, "price": 156.12}, {"t": 13, "price": 157.36}, {"t": 14, "price": 159.15}, {"t": 15, "price": 161.2}, {"t": 16, "price": 163.18}, {"t": 17, "price": 164.81}, {"t": 18, "price": 165.87}, {"t": 19, "price": 166.27}, {"t": 20, "price": 166.06}, {"t": 21, "price": 165.41}, {"t": 22, "price": 164.56}, {"t": 23, "price": 163.82}, {"t": 24, "price": 163.47}, {"t": 25, "price": 163.71}, {"t": 26, "price": 164.62}, {"t": 27, "price": 166.15}, {"t": 28, "price": 168.14}, {"t": 29, "price": 170.3}, {"t": 30, "price": 172.32}, {"t": 31, "price": 173.89}, {"t": 32, "price": 174.76}, {"t": 33, "price": 174.81}, {"t": 34, "price": 174.05}, {"t": 35, "price": 172.62}, {"t": 36, "price": 170.81}, {"t": 37, "price": 168.92}, {"t": 38, "price": 167.32}, {"t": 39, "price": 166.28}, {"t": 40, "price": 166.0}, {"t": 41, "price": 166.52}, {"t": 42, "price": 167.77}, {"t": 43, "price": 169.53}, {"t": 44, "price": 171.51}, {"t": 45, "price": 173.4}, {"t": 46, "price": 174.91}, {"t": 47, "price": 175.85}, {"t": 48, "price": 176.14}, {"t": 49, "price": 175.84}, {"t": 50, "price": 175.12}, {"t": 51, "price": 174.26}, {"t": 52, "price": 173.55}, {"t": 53, "price": 173.27}, {"t": 54, "price": 173.6}, {"t": 55, "price": 174.62}, {"t": 56, "price": 176.26}, {"t": 57, "price": 178.34}, {"t": 58, "price": 180.57}, {"t": 59, "price": 182.64}], "symbol": "TSLA", "current": 182.64, "change_pct": 14.15}, "status": "ok", "call_id": "call_zjcC3PKTBev6PL5Snj9cbmAR", "created_at": "2026-04-19T07:08:21.296811+00:00"}]', 'project', NULL) ON CONFLICT (id) DO NOTHING;
INSERT INTO public.ui_builder_messages (id, project_id, role, content, tokens_in, tokens_out, created_at, ui_calls, scope, dashboard_id) VALUES ('6b2e225f-a684-4c9a-a070-2dbecb757c16', 'f568fd27-adbe-479d-92fc-91e8f6b8521e', 'user', '애플(AAPL) 6개월 주가 차트 추가', NULL, NULL, '2026-04-19 10:15:29.372091+00', '[]', 'dashboard', 'e84d494c-6740-42cd-922c-45131e5e3938') ON CONFLICT (id) DO NOTHING;
INSERT INTO public.ui_builder_messages (id, project_id, role, content, tokens_in, tokens_out, created_at, ui_calls, scope, dashboard_id) VALUES ('ec2aceba-66d7-42a4-9831-02d6e412a711', 'f568fd27-adbe-479d-92fc-91e8f6b8521e', 'assistant', '', NULL, NULL, '2026-04-19 10:15:34.645586+00', '[{"args": {"args": {"range": "6mo", "ticker": "AAPL"}, "tool": "stock"}, "tool": "dashboard_add_widget", "error": "1 validation error for StockParams\nsymbol\n  Field required [type=missing, input_value={''ticker'': ''AAPL'', ''range'': ''6mo''}, input_type=dict]\n    For further information visit https://errors.pydantic.dev/2.13/v/missing", "events": [{"data": {"op": "dashboard_add_widget", "error": "1 validation error for StockParams\nsymbol\n  Field required [type=missing, input_value={''ticker'': ''AAPL'', ''range'': ''6mo''}, input_type=dict]\n    For further information visit https://errors.pydantic.dev/2.13/v/missing"}, "event": "dashboard.op_error"}], "status": "error", "call_id": "call_HJZbet5aTMLBx0UNj6yoYlOr", "created_at": "2026-04-19T10:15:34.622252+00:00"}]', 'dashboard', 'e84d494c-6740-42cd-922c-45131e5e3938') ON CONFLICT (id) DO NOTHING;
INSERT INTO public.ui_builder_messages (id, project_id, role, content, tokens_in, tokens_out, created_at, ui_calls, scope, dashboard_id) VALUES ('b85144d5-910e-4304-b828-bf7fbffb7dfe', 'f568fd27-adbe-479d-92fc-91e8f6b8521e', 'assistant', '', NULL, NULL, '2026-04-19 10:20:12.423234+00', '[{"args": {"args": {"range": "6m", "ticker": "AAPL"}, "tool": "stock"}, "tool": "dashboard_add_widget", "error": "1 validation error for StockParams\nrange\n  Input should be ''1d'', ''5d'', ''1mo'', ''3mo'', ''6mo'' or ''1y'' [type=literal_error, input_value=''6m'', input_type=str]\n    For further information visit https://errors.pydantic.dev/2.13/v/literal_error", "events": [{"data": {"op": "dashboard_add_widget", "error": "1 validation error for StockParams\nrange\n  Input should be ''1d'', ''5d'', ''1mo'', ''3mo'', ''6mo'' or ''1y'' [type=literal_error, input_value=''6m'', input_type=str]\n    For further information visit https://errors.pydantic.dev/2.13/v/literal_error"}, "event": "dashboard.op_error"}], "status": "error", "call_id": "call_g5mTMxQ2HyfoTpp1jZqpvPR2", "created_at": "2026-04-19T10:20:12.415372+00:00"}]', 'dashboard', 'e84d494c-6740-42cd-922c-45131e5e3938') ON CONFLICT (id) DO NOTHING;
INSERT INTO public.ui_builder_messages (id, project_id, role, content, tokens_in, tokens_out, created_at, ui_calls, scope, dashboard_id) VALUES ('35f34013-e0f0-4963-8072-1129948197c6', 'f568fd27-adbe-479d-92fc-91e8f6b8521e', 'user', '애플(AAPL) 6개월 주가 차트 추가', NULL, NULL, '2026-04-19 10:20:46.812229+00', '[]', 'dashboard', 'e84d494c-6740-42cd-922c-45131e5e3938') ON CONFLICT (id) DO NOTHING;
INSERT INTO public.ui_builder_messages (id, project_id, role, content, tokens_in, tokens_out, created_at, ui_calls, scope, dashboard_id) VALUES ('6a896822-1413-440b-94f1-f0083a732beb', 'f568fd27-adbe-479d-92fc-91e8f6b8521e', 'assistant', '', NULL, NULL, '2026-04-19 10:20:48.940906+00', '[{"args": {"args": {"range": "6m", "ticker": "AAPL"}, "tool": "stock"}, "tool": "dashboard_add_widget", "error": "1 validation error for StockParams\nrange\n  Input should be ''1d'', ''5d'', ''1mo'', ''3mo'', ''6mo'' or ''1y'' [type=literal_error, input_value=''6m'', input_type=str]\n    For further information visit https://errors.pydantic.dev/2.13/v/literal_error", "events": [{"data": {"op": "dashboard_add_widget", "error": "1 validation error for StockParams\nrange\n  Input should be ''1d'', ''5d'', ''1mo'', ''3mo'', ''6mo'' or ''1y'' [type=literal_error, input_value=''6m'', input_type=str]\n    For further information visit https://errors.pydantic.dev/2.13/v/literal_error"}, "event": "dashboard.op_error"}], "status": "error", "call_id": "call_gDNVcr2d2gw8QzwJzdZqcZSz", "created_at": "2026-04-19T10:20:48.930616+00:00"}]', 'dashboard', 'e84d494c-6740-42cd-922c-45131e5e3938') ON CONFLICT (id) DO NOTHING;
INSERT INTO public.ui_builder_messages (id, project_id, role, content, tokens_in, tokens_out, created_at, ui_calls, scope, dashboard_id) VALUES ('efb4d37f-ad95-4514-8706-ebc75875f0ed', '7a26c4a5-6ba4-4e84-84b1-cfe1b326a6b0', 'user', '애플(AAPL) 6개월 주가 차트 추가', NULL, NULL, '2026-04-19 11:44:31.056598+00', '[]', 'dashboard', 'f399b6f4-7e1e-415c-b35e-27b9ecccdb47') ON CONFLICT (id) DO NOTHING;
INSERT INTO public.ui_builder_messages (id, project_id, role, content, tokens_in, tokens_out, created_at, ui_calls, scope, dashboard_id) VALUES ('37b214d9-e4f8-45e7-87ab-fafcff2eef2d', '7a26c4a5-6ba4-4e84-84b1-cfe1b326a6b0', 'assistant', '', NULL, NULL, '2026-04-19 11:44:36.035608+00', '[{"args": {"args": {"range": "6mo", "tickers": ["AAPL"]}, "tool": "stock"}, "tool": "dashboard_add_widget", "error": "1 validation error for StockParams\nsymbol\n  Field required [type=missing, input_value={''tickers'': [''AAPL''], ''range'': ''6mo''}, input_type=dict]\n    For further information visit https://errors.pydantic.dev/2.13/v/missing", "events": [{"data": {"op": "dashboard_add_widget", "error": "1 validation error for StockParams\nsymbol\n  Field required [type=missing, input_value={''tickers'': [''AAPL''], ''range'': ''6mo''}, input_type=dict]\n    For further information visit https://errors.pydantic.dev/2.13/v/missing"}, "event": "dashboard.op_error"}], "status": "error", "call_id": "call_niSleZq5i3dwvTpd0NHPRhvx", "created_at": "2026-04-19T11:44:36.024148+00:00"}]', 'dashboard', 'f399b6f4-7e1e-415c-b35e-27b9ecccdb47') ON CONFLICT (id) DO NOTHING;
INSERT INTO public.ui_builder_messages (id, project_id, role, content, tokens_in, tokens_out, created_at, ui_calls, scope, dashboard_id) VALUES ('13d16fe1-f5b1-4047-aa79-a6bde193ced9', '7a26c4a5-6ba4-4e84-84b1-cfe1b326a6b0', 'user', '삼성전자 1년 주가 차트 추가', NULL, NULL, '2026-04-19 11:44:42.785779+00', '[]', 'dashboard', 'f399b6f4-7e1e-415c-b35e-27b9ecccdb47') ON CONFLICT (id) DO NOTHING;
INSERT INTO public.ui_builder_messages (id, project_id, role, content, tokens_in, tokens_out, created_at, ui_calls, scope, dashboard_id) VALUES ('59786874-eaee-4fb5-a76f-f083eb88d678', '7a26c4a5-6ba4-4e84-84b1-cfe1b326a6b0', 'user', '날씨 정보 보여줘.', NULL, NULL, '2026-04-19 11:45:56.34856+00', '[]', 'dashboard', 'f399b6f4-7e1e-415c-b35e-27b9ecccdb47') ON CONFLICT (id) DO NOTHING;
INSERT INTO public.ui_builder_messages (id, project_id, role, content, tokens_in, tokens_out, created_at, ui_calls, scope, dashboard_id) VALUES ('0a738151-b30e-4123-8640-adb3f6a410f8', '7a26c4a5-6ba4-4e84-84b1-cfe1b326a6b0', 'assistant', '', NULL, NULL, '2026-04-19 11:44:45.24907+00', '[{"args": {"args": {"range": "6mo", "ticker": "AAPL"}, "tool": "stock"}, "tool": "dashboard_add_widget", "error": null, "events": [{"data": {"widget": {"id": "d9f27f17-a421-409f-8c5e-afa5930097a8", "tool": "stock", "props": {"range": "6mo", "change": 11.52, "series": [{"t": 0, "price": 140.62}, {"t": 1, "price": 142.6}, {"t": 2, "price": 144.16}, {"t": 3, "price": 145.04}, {"t": 4, "price": 145.12}, {"t": 5, "price": 144.38}, {"t": 6, "price": 142.98}, {"t": 7, "price": 141.17}, {"t": 8, "price": 139.28}, {"t": 9, "price": 137.64}, {"t": 10, "price": 136.57}, {"t": 11, "price": 136.25}, {"t": 12, "price": 136.74}, {"t": 13, "price": 137.99}, {"t": 14, "price": 139.78}, {"t": 15, "price": 141.82}, {"t": 16, "price": 143.81}, {"t": 17, "price": 145.43}, {"t": 18, "price": 146.49}, {"t": 19, "price": 146.9}, {"t": 20, "price": 146.69}, {"t": 21, "price": 146.03}, {"t": 22, "price": 145.19}, {"t": 23, "price": 144.45}, {"t": 24, "price": 144.1}, {"t": 25, "price": 144.33}, {"t": 26, "price": 145.24}, {"t": 27, "price": 146.78}, {"t": 28, "price": 148.76}, {"t": 29, "price": 150.93}, {"t": 30, "price": 152.95}, {"t": 31, "price": 154.52}, {"t": 32, "price": 155.39}, {"t": 33, "price": 155.44}, {"t": 34, "price": 154.67}, {"t": 35, "price": 153.25}, {"t": 36, "price": 151.43}, {"t": 37, "price": 149.55}, {"t": 38, "price": 147.94}, {"t": 39, "price": 146.91}, {"t": 40, "price": 146.62}, {"t": 41, "price": 147.15}, {"t": 42, "price": 148.4}, {"t": 43, "price": 150.16}, {"t": 44, "price": 152.14}], "symbol": "AAPL", "current": 152.14, "change_pct": 8.19}, "grid_h": 4, "grid_w": 6, "grid_x": 0, "grid_y": 0, "call_id": "dash_85eed6c7c9fb", "component": "StockCard", "created_at": "2026-04-19T11:44:45.195114Z", "updated_at": "2026-04-19T11:44:45.195133Z", "dashboard_id": "f399b6f4-7e1e-415c-b35e-27b9ecccdb47", "source_call_id": null, "source_message_id": null}}, "event": "dashboard.widget_added"}], "status": "ok", "call_id": "call_XzO7tBsnZ62Ti1BQT6ExMfOI", "created_at": "2026-04-19T11:44:45.141450+00:00"}, {"args": {"args": {"range": "1y", "ticker": "005930.KS"}, "tool": "stock"}, "tool": "dashboard_add_widget", "error": null, "events": [{"data": {"widget": {"id": "aca483f9-7f59-49d3-be65-0e4efd305798", "tool": "stock", "props": {"range": "1y", "change": 22.64, "series": [{"t": 0, "price": 141.0}, {"t": 1, "price": 142.98}, {"t": 2, "price": 144.53}, {"t": 3, "price": 145.42}, {"t": 4, "price": 145.49}, {"t": 5, "price": 144.76}, {"t": 6, "price": 143.36}, {"t": 7, "price": 141.55}, {"t": 8, "price": 139.65}, {"t": 9, "price": 138.02}, {"t": 10, "price": 136.94}, {"t": 11, "price": 136.62}, {"t": 12, "price": 137.12}, {"t": 13, "price": 138.36}, {"t": 14, "price": 140.15}, {"t": 15, "price": 142.2}, {"t": 16, "price": 144.18}, {"t": 17, "price": 145.81}, {"t": 18, "price": 146.87}, {"t": 19, "price": 147.27}, {"t": 20, "price": 147.06}, {"t": 21, "price": 146.41}, {"t": 22, "price": 145.56}, {"t": 23, "price": 144.82}, {"t": 24, "price": 144.47}, {"t": 25, "price": 144.71}, {"t": 26, "price": 145.62}, {"t": 27, "price": 147.15}, {"t": 28, "price": 149.14}, {"t": 29, "price": 151.3}, {"t": 30, "price": 153.32}, {"t": 31, "price": 154.89}, {"t": 32, "price": 155.76}, {"t": 33, "price": 155.81}, {"t": 34, "price": 155.05}, {"t": 35, "price": 153.62}, {"t": 36, "price": 151.81}, {"t": 37, "price": 149.92}, {"t": 38, "price": 148.32}, {"t": 39, "price": 147.28}, {"t": 40, "price": 147.0}, {"t": 41, "price": 147.52}, {"t": 42, "price": 148.77}, {"t": 43, "price": 150.53}, {"t": 44, "price": 152.51}, {"t": 45, "price": 154.4}, {"t": 46, "price": 155.91}, {"t": 47, "price": 156.85}, {"t": 48, "price": 157.14}, {"t": 49, "price": 156.84}, {"t": 50, "price": 156.12}, {"t": 51, "price": 155.26}, {"t": 52, "price": 154.55}, {"t": 53, "price": 154.27}, {"t": 54, "price": 154.6}, {"t": 55, "price": 155.62}, {"t": 56, "price": 157.26}, {"t": 57, "price": 159.34}, {"t": 58, "price": 161.57}, {"t": 59, "price": 163.64}], "symbol": "005930.KS", "current": 163.64, "change_pct": 16.06}, "grid_h": 4, "grid_w": 6, "grid_x": 0, "grid_y": 4, "call_id": "dash_aef025e71e47", "component": "StockCard", "created_at": "2026-04-19T11:44:45.232495Z", "updated_at": "2026-04-19T11:44:45.232515Z", "dashboard_id": "f399b6f4-7e1e-415c-b35e-27b9ecccdb47", "source_call_id": null, "source_message_id": null}}, "event": "dashboard.widget_added"}], "status": "ok", "call_id": "call_che87jptqCCQAAhF20XaLoOD", "created_at": "2026-04-19T11:44:45.224367+00:00"}]', 'dashboard', 'f399b6f4-7e1e-415c-b35e-27b9ecccdb47') ON CONFLICT (id) DO NOTHING;
INSERT INTO public.ui_builder_messages (id, project_id, role, content, tokens_in, tokens_out, created_at, ui_calls, scope, dashboard_id) VALUES ('8fd31738-a7c3-4855-b13b-059be919c2b8', '7a26c4a5-6ba4-4e84-84b1-cfe1b326a6b0', 'user', '날씨 알려주는 카드', NULL, NULL, '2026-04-19 11:45:35.806938+00', '[]', 'dashboard', 'f399b6f4-7e1e-415c-b35e-27b9ecccdb47') ON CONFLICT (id) DO NOTHING;
INSERT INTO public.ui_builder_messages (id, project_id, role, content, tokens_in, tokens_out, created_at, ui_calls, scope, dashboard_id) VALUES ('c9286f8c-b1ad-49f2-9aa6-0604f852361b', '7a26c4a5-6ba4-4e84-84b1-cfe1b326a6b0', 'assistant', '어느 도시의 날씨를 알고 싶으신가요?', NULL, NULL, '2026-04-19 11:45:36.724345+00', '[]', 'dashboard', 'f399b6f4-7e1e-415c-b35e-27b9ecccdb47') ON CONFLICT (id) DO NOTHING;
INSERT INTO public.ui_builder_messages (id, project_id, role, content, tokens_in, tokens_out, created_at, ui_calls, scope, dashboard_id) VALUES ('0fc99c67-e420-4b17-9df4-38fce56c35c5', '7a26c4a5-6ba4-4e84-84b1-cfe1b326a6b0', 'assistant', '어느 도시의 날씨 정보를 원하시는지 말씀해 주세요.', NULL, NULL, '2026-04-19 11:45:58.488855+00', '[]', 'dashboard', 'f399b6f4-7e1e-415c-b35e-27b9ecccdb47') ON CONFLICT (id) DO NOTHING;
INSERT INTO public.ui_builder_messages (id, project_id, role, content, tokens_in, tokens_out, created_at, ui_calls, scope, dashboard_id) VALUES ('4490d447-195f-4627-879f-1a90fffc6a92', '7a26c4a5-6ba4-4e84-84b1-cfe1b326a6b0', 'user', '날씨 알려주는 카드를 생성해줘.', NULL, NULL, '2026-04-19 11:54:38.750489+00', '[]', 'dashboard', 'f399b6f4-7e1e-415c-b35e-27b9ecccdb47') ON CONFLICT (id) DO NOTHING;
INSERT INTO public.ui_builder_messages (id, project_id, role, content, tokens_in, tokens_out, created_at, ui_calls, scope, dashboard_id) VALUES ('3423ed39-cd98-497e-8c3c-92dadc776d1a', '7a26c4a5-6ba4-4e84-84b1-cfe1b326a6b0', 'assistant', '어느 도시의 날씨 정보를 확인하고 싶으신지 알려주세요.', NULL, NULL, '2026-04-19 11:54:40.982731+00', '[]', 'dashboard', 'f399b6f4-7e1e-415c-b35e-27b9ecccdb47') ON CONFLICT (id) DO NOTHING;
INSERT INTO public.ui_builder_messages (id, project_id, role, content, tokens_in, tokens_out, created_at, ui_calls, scope, dashboard_id) VALUES ('1b2b417e-1622-41b1-bb4d-a979e6845bd2', '7a26c4a5-6ba4-4e84-84b1-cfe1b326a6b0', 'user', '차트 선 색상 변경해줘.', NULL, NULL, '2026-04-19 12:51:24.869021+00', '[]', 'dashboard', 'f399b6f4-7e1e-415c-b35e-27b9ecccdb47') ON CONFLICT (id) DO NOTHING;
INSERT INTO public.ui_builder_messages (id, project_id, role, content, tokens_in, tokens_out, created_at, ui_calls, scope, dashboard_id) VALUES ('2ef3c7fb-b306-4782-8e60-3b17b3682240', '7a26c4a5-6ba4-4e84-84b1-cfe1b326a6b0', 'assistant', '위젯의 차트 색상을 변경할 수 없습니다. 차트와 관련된 다른 요청이 있으면 말씀해 주세요!', NULL, NULL, '2026-04-19 12:51:31.383956+00', '[]', 'dashboard', 'f399b6f4-7e1e-415c-b35e-27b9ecccdb47') ON CONFLICT (id) DO NOTHING;
INSERT INTO public.ui_builder_messages (id, project_id, role, content, tokens_in, tokens_out, created_at, ui_calls, scope, dashboard_id) VALUES ('f4acf7cd-9a34-451b-a6c4-c2bd44ff0c89', '35cbad53-43ee-4f1c-9bf0-48cc2630bcd7', 'user', '미세먼지 상태 보여주는 화면 작성해줘.', NULL, NULL, '2026-04-19 13:37:14.790837+00', '[]', 'project', NULL) ON CONFLICT (id) DO NOTHING;
INSERT INTO public.ui_builder_messages (id, project_id, role, content, tokens_in, tokens_out, created_at, ui_calls, scope, dashboard_id) VALUES ('557328df-1110-4bdb-9331-42abeb7b1919', '35cbad53-43ee-4f1c-9bf0-48cc2630bcd7', 'assistant', '아래는 미세먼지 상태를 보여주는 간단한 화면을 구현한 React + TypeScript 코드입니다. 이 예제에서는 미세먼지 수준과 관련된 정보를 랜덤하게 설정하여 UI를 구성하였습니다.

```tsx file=/App.tsx
import React from ''react'';

const App: React.FC = () => {
  const dustLevel = ''보통''; // 미세먼지 수준 (예: 좋음, 보통, 나쁨)
  const pm10 = 40; // PM10 수치
  const pm25 = 25; // PM2.5 수치
  const statusDescription = ''미세먼지 농도가 보통입니다. 외출 시 주의가 필요합니다.''; // 상태 설명

  return (
    <div className="flex flex-col items-center justify-center h-screen p-6 bg-gradient-to-br from-green-200 to-yellow-300">
      <h1 className="text-4xl font-bold text-gray-800 mb-4">🌫️ 미세먼지 정보</h1>
      <div className="bg-white rounded-lg shadow-lg p-6 w-full max-w-md text-center">
        <h2 className="text-2xl font-semibold mb-2">현재 미세먼지 수준</h2>
        <p className="text-3xl font-bold text-blue-600 mb-2">{dustLevel}</p>
        <p className="text-lg text-gray-700">PM10: {pm10} µg/m³</p>
        <p className="text-lg text-gray-700">PM2.5: {pm25} µg/m³</p>
        <p className="text-gray-600 mt-2">{statusDescription}</p>
      </div>
    </div>
  );
};

export default App;
```

### 설명:
1. **미세먼지 수준**: `dustLevel` 변수에 현재 미세먼지 수준을 설정합니다. (예: "좋음", "보통", "나쁨").
2. **PM10 및 PM2.5 수치**: 실제 수치를 각각 `pm10` 및 `pm25` 변수에 할당합니다.
3. **상태 설명**: 미세먼지 상태에 대한 설명을 추가하여 사용자에게 전달합니다.
4. **스타일링**: Tailwind CSS를 사용하여 그라데이션 배경과 카드 디자인을 적용했습니다.

이 코드는 미세먼지 상태를 보여주는 정적인 UI를 제공합니다. 실제 데이터를 가져오려면 외부 API를 활용하여 미세먼지 정보를 동적으로 업데이트할 수 있습니다. 이렇게 구현하면 사용자에게 실시간 미세먼지 정보를 제공하는 화면으로 확장할 수 있습니다.', NULL, NULL, '2026-04-19 13:37:42.185338+00', '[]', 'project', NULL) ON CONFLICT (id) DO NOTHING;
INSERT INTO public.ui_builder_messages (id, project_id, role, content, tokens_in, tokens_out, created_at, ui_calls, scope, dashboard_id) VALUES ('3eff34d1-7d89-432c-bd71-8d08eedc8532', '7a26c4a5-6ba4-4e84-84b1-cfe1b326a6b0', 'user', '경기도 화성시의 날씨 보여줘.', NULL, NULL, '2026-04-19 13:53:48.948319+00', '[]', 'dashboard', 'f399b6f4-7e1e-415c-b35e-27b9ecccdb47') ON CONFLICT (id) DO NOTHING;
INSERT INTO public.ui_builder_messages (id, project_id, role, content, tokens_in, tokens_out, created_at, ui_calls, scope, dashboard_id) VALUES ('15b9e891-7d9c-4eeb-a6a9-16aa2cf6d9e1', '7a26c4a5-6ba4-4e84-84b1-cfe1b326a6b0', 'assistant', '', NULL, NULL, '2026-04-19 13:53:51.54648+00', '[{"args": {"args": {"city": "경기도 화성시"}, "grid": {"h": 5, "w": 6, "x": 0, "y": 0}, "tool": "weather"}, "tool": "dashboard_add_widget", "error": "1 validation error for WeatherParams\nlocation\n  Field required [type=missing, input_value={''city'': ''경기도 화성시''}, input_type=dict]\n    For further information visit https://errors.pydantic.dev/2.13/v/missing", "events": [{"data": {"op": "dashboard_add_widget", "error": "1 validation error for WeatherParams\nlocation\n  Field required [type=missing, input_value={''city'': ''경기도 화성시''}, input_type=dict]\n    For further information visit https://errors.pydantic.dev/2.13/v/missing"}, "event": "dashboard.op_error"}], "status": "error", "call_id": "call_I4dl76ap4uDCFaJFtcgCilCt", "created_at": "2026-04-19T13:53:51.518730+00:00"}]', 'dashboard', 'f399b6f4-7e1e-415c-b35e-27b9ecccdb47') ON CONFLICT (id) DO NOTHING;
INSERT INTO public.ui_builder_messages (id, project_id, role, content, tokens_in, tokens_out, created_at, ui_calls, scope, dashboard_id) VALUES ('ae0c947c-4231-47e8-825c-c6659f0c212e', '7a26c4a5-6ba4-4e84-84b1-cfe1b326a6b0', 'user', '날씨 정보 보여줘.', NULL, NULL, '2026-04-21 02:12:01.30088+00', '[]', 'dashboard', 'f399b6f4-7e1e-415c-b35e-27b9ecccdb47') ON CONFLICT (id) DO NOTHING;
INSERT INTO public.ui_builder_messages (id, project_id, role, content, tokens_in, tokens_out, created_at, ui_calls, scope, dashboard_id) VALUES ('bc29b698-fb50-4a2f-a806-580614798e57', '7a26c4a5-6ba4-4e84-84b1-cfe1b326a6b0', 'assistant', '⚠️ 위젯 추가 실패: 1 validation error for WeatherParams
location
  Field required [type=missing, input_value={}, input_type=dict]
    For further information visit https://errors.pydantic.dev/2.13/v/missing', NULL, NULL, '2026-04-21 02:12:08.459687+00', '[{"args": {"grid": {"h": 4, "w": 6, "x": 0, "y": 0}, "tool": "weather"}, "tool": "dashboard_add_widget", "error": "1 validation error for WeatherParams\nlocation\n  Field required [type=missing, input_value={}, input_type=dict]\n    For further information visit https://errors.pydantic.dev/2.13/v/missing", "events": [{"data": {"op": "dashboard_add_widget", "error": "1 validation error for WeatherParams\nlocation\n  Field required [type=missing, input_value={}, input_type=dict]\n    For further information visit https://errors.pydantic.dev/2.13/v/missing"}, "event": "dashboard.op_error"}], "status": "error", "call_id": "call_FQmfWRwn9BXjvhlhwVstyTQw", "created_at": "2026-04-21T02:12:08.431289+00:00"}]', 'dashboard', 'f399b6f4-7e1e-415c-b35e-27b9ecccdb47') ON CONFLICT (id) DO NOTHING;
INSERT INTO public.ui_builder_messages (id, project_id, role, content, tokens_in, tokens_out, created_at, ui_calls, scope, dashboard_id) VALUES ('90a647b4-2931-41f0-9da6-42147447648f', '7a26c4a5-6ba4-4e84-84b1-cfe1b326a6b0', 'user', '경기도 수지 동천동 날씨 정보 보여줘.', NULL, NULL, '2026-04-21 02:12:56.884435+00', '[]', 'dashboard', 'f399b6f4-7e1e-415c-b35e-27b9ecccdb47') ON CONFLICT (id) DO NOTHING;
INSERT INTO public.ui_builder_messages (id, project_id, role, content, tokens_in, tokens_out, created_at, ui_calls, scope, dashboard_id) VALUES ('bfdaf296-19ab-4a0b-9610-6d27d3405f6f', '7a26c4a5-6ba4-4e84-84b1-cfe1b326a6b0', 'user', '경기도 수지 동천동 날씨 정보 보여줘.', NULL, NULL, '2026-04-21 02:25:33.054878+00', '[]', 'dashboard', 'f399b6f4-7e1e-415c-b35e-27b9ecccdb47') ON CONFLICT (id) DO NOTHING;
INSERT INTO public.ui_builder_messages (id, project_id, role, content, tokens_in, tokens_out, created_at, ui_calls, scope, dashboard_id) VALUES ('d07a5e50-1859-41d4-8198-56a155db43f1', '7a26c4a5-6ba4-4e84-84b1-cfe1b326a6b0', 'assistant', '✅ 위젯 제거 완료 — 위젯 d9f05e2c-9ed9-4c1b-bb60-7dc02643c24b 제거
✅ 위젯 추가 완료 — `WeatherCard` 추가', NULL, NULL, '2026-04-21 02:25:40.905011+00', '[{"args": {"widget_id": "d9f05e2c-9ed9-4c1b-bb60-7dc02643c24b"}, "tool": "dashboard_remove_widget", "error": null, "events": [{"data": {"widget_id": "d9f05e2c-9ed9-4c1b-bb60-7dc02643c24b"}, "event": "dashboard.widget_removed"}], "status": "ok", "call_id": "call_iJ6Hxhag66HwNd6Meu11wdKR", "created_at": "2026-04-21T02:25:40.698301+00:00"}, {"args": {"args": {"location": "경기도 수지 동천동"}, "grid": {"h": 4, "w": 6, "x": 0, "y": 4}, "tool": "weather"}, "tool": "dashboard_add_widget", "error": null, "events": [{"data": {"widget": {"id": "6d3f8bc7-8b58-4475-bd43-963d9fc6debc", "tool": "weather", "props": {"unit": "celsius", "humidity": 50, "location": "경기도 수지 동천동", "wind_kph": 10, "condition": "clear", "temperature": 20}, "grid_h": 4, "grid_w": 6, "grid_x": 0, "grid_y": 4, "source": "pin-drag", "call_id": "dash_c5bfae5121bf", "category": null, "component": "WeatherCard", "created_at": "2026-04-21T02:25:40.798187Z", "updated_at": "2026-04-21T02:25:40.798199Z", "dashboard_id": "f399b6f4-7e1e-415c-b35e-27b9ecccdb47", "source_call_id": null, "source_message_id": null}}, "event": "dashboard.widget_added"}], "status": "ok", "call_id": "call_fFMuzkFY4kxpRsvxO9HySGjg", "created_at": "2026-04-21T02:25:40.758630+00:00"}]', 'dashboard', 'f399b6f4-7e1e-415c-b35e-27b9ecccdb47') ON CONFLICT (id) DO NOTHING;
INSERT INTO public.ui_builder_messages (id, project_id, role, content, tokens_in, tokens_out, created_at, ui_calls, scope, dashboard_id) VALUES ('6af31781-397a-4ba9-af12-79c6448a55ce', '7a26c4a5-6ba4-4e84-84b1-cfe1b326a6b0', 'user', '경기도 수지 동천동 날씨 정보 보여줘.', NULL, NULL, '2026-04-21 03:02:36.925583+00', '[]', 'dashboard', 'f399b6f4-7e1e-415c-b35e-27b9ecccdb47') ON CONFLICT (id) DO NOTHING;
INSERT INTO public.ui_builder_messages (id, project_id, role, content, tokens_in, tokens_out, created_at, ui_calls, scope, dashboard_id) VALUES ('083d7eb4-bff4-47eb-b8e3-91eb7dc5e106', '7a26c4a5-6ba4-4e84-84b1-cfe1b326a6b0', 'assistant', '✅ 위젯 추가 완료 — `WeatherCard` 추가 제안', NULL, NULL, '2026-04-21 03:02:45.855102+00', '[{"args": {"args": {"location": "경기도 수지 동천동"}, "grid": {"h": 4, "w": 6, "x": 0, "y": 4}, "tool": "weather"}, "tool": "dashboard_add_widget", "error": null, "events": [{"data": {"proposal": {"grid": {"h": 4, "w": 6, "x": 0, "y": 4}, "kind": "add", "tool": "weather", "props": {"unit": "celsius", "humidity": 50, "location": "경기도 수지 동천동", "wind_kph": 10, "condition": "clear", "temperature": 20}, "call_id": "dash_b332b2d11bf4", "component": "WeatherCard", "proposal_id": "prop_348522eb10f9"}}, "event": "dashboard.widget_proposed"}], "status": "ok", "call_id": "call_VKVUv1rkpUZje1AWUZwHQmWM", "proposal": {"grid": {"h": 4, "w": 6, "x": 0, "y": 4}, "kind": "add", "tool": "weather", "props": {"unit": "celsius", "humidity": 50, "location": "경기도 수지 동천동", "wind_kph": 10, "condition": "clear", "temperature": 20}, "call_id": "dash_b332b2d11bf4", "component": "WeatherCard", "proposal_id": "prop_348522eb10f9"}, "created_at": "2026-04-21T03:02:45.831780+00:00"}]', 'dashboard', 'f399b6f4-7e1e-415c-b35e-27b9ecccdb47') ON CONFLICT (id) DO NOTHING;
INSERT INTO public.ui_builder_messages (id, project_id, role, content, tokens_in, tokens_out, created_at, ui_calls, scope, dashboard_id) VALUES ('ca4894d1-dae3-4568-a783-0b5a10abbbcf', '7a26c4a5-6ba4-4e84-84b1-cfe1b326a6b0', 'user', '다시 경기도 수지 동천동 날씨 정보 보여줘.', NULL, NULL, '2026-04-21 03:03:36.159388+00', '[]', 'dashboard', 'f399b6f4-7e1e-415c-b35e-27b9ecccdb47') ON CONFLICT (id) DO NOTHING;
INSERT INTO public.ui_builder_messages (id, project_id, role, content, tokens_in, tokens_out, created_at, ui_calls, scope, dashboard_id) VALUES ('c32e2418-0d99-4c7b-a121-dee656f2539e', '7a26c4a5-6ba4-4e84-84b1-cfe1b326a6b0', 'assistant', '⚠️ 위젯 추가 실패: 필수 인자 `location` 누락', NULL, NULL, '2026-04-21 03:03:37.453473+00', '[{"args": {"grid": null, "tool": "weather"}, "tool": "dashboard_add_widget", "error": "필수 인자 `location` 누락", "events": [{"data": {"op": "dashboard_add_widget", "error": "필수 인자 `location` 누락"}, "event": "dashboard.op_error"}], "status": "error", "call_id": "call_jKqRfyDVJd6cPaKEPQuLvpLI", "created_at": "2026-04-21T03:03:37.431063+00:00"}]', 'dashboard', 'f399b6f4-7e1e-415c-b35e-27b9ecccdb47') ON CONFLICT (id) DO NOTHING;
INSERT INTO public.ui_builder_messages (id, project_id, role, content, tokens_in, tokens_out, created_at, ui_calls, scope, dashboard_id) VALUES ('833e4146-a0ab-403c-8fda-ee1e688fb89f', '7a26c4a5-6ba4-4e84-84b1-cfe1b326a6b0', 'user', '다시 경기도 수지 동천동 날씨 정보 보여줘.', NULL, NULL, '2026-04-21 03:04:01.07759+00', '[]', 'dashboard', 'f399b6f4-7e1e-415c-b35e-27b9ecccdb47') ON CONFLICT (id) DO NOTHING;
INSERT INTO public.ui_builder_messages (id, project_id, role, content, tokens_in, tokens_out, created_at, ui_calls, scope, dashboard_id) VALUES ('90d9153b-a654-4b1a-8149-bc64d5fc743a', '7a26c4a5-6ba4-4e84-84b1-cfe1b326a6b0', 'assistant', '⚠️ 위젯 추가 실패: 필수 인자 `location` 누락', NULL, NULL, '2026-04-21 03:04:02.485126+00', '[{"args": {"grid": null, "tool": "weather"}, "tool": "dashboard_add_widget", "error": "필수 인자 `location` 누락", "events": [{"data": {"op": "dashboard_add_widget", "error": "필수 인자 `location` 누락"}, "event": "dashboard.op_error"}], "status": "error", "call_id": "call_YJGlltP14QX7yyhPYUT7PgFA", "created_at": "2026-04-21T03:04:02.466053+00:00"}]', 'dashboard', 'f399b6f4-7e1e-415c-b35e-27b9ecccdb47') ON CONFLICT (id) DO NOTHING;
INSERT INTO public.ui_builder_messages (id, project_id, role, content, tokens_in, tokens_out, created_at, ui_calls, scope, dashboard_id) VALUES ('865dcead-43a1-43b6-9f1d-ae2286159469', '7a26c4a5-6ba4-4e84-84b1-cfe1b326a6b0', 'user', '경기도 수지 동천동 날씨 정보 보여줘.', NULL, NULL, '2026-04-21 03:04:17.532696+00', '[]', 'dashboard', 'f399b6f4-7e1e-415c-b35e-27b9ecccdb47') ON CONFLICT (id) DO NOTHING;
INSERT INTO public.ui_builder_messages (id, project_id, role, content, tokens_in, tokens_out, created_at, ui_calls, scope, dashboard_id) VALUES ('69dd5bd8-7d39-4664-b374-84fb8874f273', '7a26c4a5-6ba4-4e84-84b1-cfe1b326a6b0', 'assistant', '✅ 위젯 추가 완료 — `WeatherCard` 추가 제안', NULL, NULL, '2026-04-21 03:04:18.846341+00', '[{"args": {"args": {"location": "경기도 수지 동천동"}, "grid": null, "tool": "weather"}, "tool": "dashboard_add_widget", "error": null, "events": [{"data": {"proposal": {"grid": {"h": null, "w": null, "x": null, "y": null}, "kind": "add", "tool": "weather", "props": {"unit": "celsius", "humidity": 50, "location": "경기도 수지 동천동", "wind_kph": 10, "condition": "clear", "temperature": 20}, "call_id": "dash_0cae18f05fed", "component": "WeatherCard", "proposal_id": "prop_fb5ff1fd3028"}}, "event": "dashboard.widget_proposed"}], "status": "ok", "call_id": "call_BSEe5CZv9uELb6uVu2X9mAZq", "proposal": {"grid": {"h": null, "w": null, "x": null, "y": null}, "kind": "add", "tool": "weather", "props": {"unit": "celsius", "humidity": 50, "location": "경기도 수지 동천동", "wind_kph": 10, "condition": "clear", "temperature": 20}, "call_id": "dash_0cae18f05fed", "component": "WeatherCard", "proposal_id": "prop_fb5ff1fd3028"}, "created_at": "2026-04-21T03:04:18.841553+00:00"}]', 'dashboard', 'f399b6f4-7e1e-415c-b35e-27b9ecccdb47') ON CONFLICT (id) DO NOTHING;
INSERT INTO public.ui_builder_messages (id, project_id, role, content, tokens_in, tokens_out, created_at, ui_calls, scope, dashboard_id) VALUES ('1171a9a0-12c8-4882-8ab7-c89cfb59d095', '7a26c4a5-6ba4-4e84-84b1-cfe1b326a6b0', 'user', '(주)브이엠에스솔루션스 주가 정보 보여줘.', NULL, NULL, '2026-04-21 04:58:44.565984+00', '[]', 'dashboard', 'f399b6f4-7e1e-415c-b35e-27b9ecccdb47') ON CONFLICT (id) DO NOTHING;
INSERT INTO public.ui_builder_messages (id, project_id, role, content, tokens_in, tokens_out, created_at, ui_calls, scope, dashboard_id) VALUES ('605af5ce-068d-4fa9-8afd-a583ec0cf13a', '7a26c4a5-6ba4-4e84-84b1-cfe1b326a6b0', 'assistant', '✅ 위젯 추가 완료 — `StockCard` 추가 제안', NULL, NULL, '2026-04-21 04:58:49.949993+00', '[{"args": {"args": {"ticker": "VMS"}, "tool": "stock"}, "tool": "dashboard_add_widget", "error": null, "events": [{"data": {"proposal": {"grid": {"h": null, "w": null, "x": null, "y": null}, "kind": "add", "tool": "stock", "props": {"range": "1mo", "change": 5.41, "series": [{"t": 0, "price": 104.65}, {"t": 1, "price": 106.63}, {"t": 2, "price": 108.18}, {"t": 3, "price": 109.07}, {"t": 4, "price": 109.14}, {"t": 5, "price": 108.41}, {"t": 6, "price": 107.01}, {"t": 7, "price": 105.2}, {"t": 8, "price": 103.3}, {"t": 9, "price": 101.67}, {"t": 10, "price": 100.59}, {"t": 11, "price": 100.27}, {"t": 12, "price": 100.77}, {"t": 13, "price": 102.01}, {"t": 14, "price": 103.8}, {"t": 15, "price": 105.85}, {"t": 16, "price": 107.83}, {"t": 17, "price": 109.46}, {"t": 18, "price": 110.52}, {"t": 19, "price": 110.92}, {"t": 20, "price": 110.71}, {"t": 21, "price": 110.06}], "symbol": "VMS", "current": 110.06, "change_pct": 5.17}, "call_id": "dash_95221e4f1a36", "component": "StockCard", "proposal_id": "prop_d25cec669f94"}}, "event": "dashboard.widget_proposed"}], "status": "ok", "call_id": "call_eNvsuBpnka8RTK6GAM4WBnOs", "proposal": {"grid": {"h": null, "w": null, "x": null, "y": null}, "kind": "add", "tool": "stock", "props": {"range": "1mo", "change": 5.41, "series": [{"t": 0, "price": 104.65}, {"t": 1, "price": 106.63}, {"t": 2, "price": 108.18}, {"t": 3, "price": 109.07}, {"t": 4, "price": 109.14}, {"t": 5, "price": 108.41}, {"t": 6, "price": 107.01}, {"t": 7, "price": 105.2}, {"t": 8, "price": 103.3}, {"t": 9, "price": 101.67}, {"t": 10, "price": 100.59}, {"t": 11, "price": 100.27}, {"t": 12, "price": 100.77}, {"t": 13, "price": 102.01}, {"t": 14, "price": 103.8}, {"t": 15, "price": 105.85}, {"t": 16, "price": 107.83}, {"t": 17, "price": 109.46}, {"t": 18, "price": 110.52}, {"t": 19, "price": 110.92}, {"t": 20, "price": 110.71}, {"t": 21, "price": 110.06}], "symbol": "VMS", "current": 110.06, "change_pct": 5.17}, "call_id": "dash_95221e4f1a36", "component": "StockCard", "proposal_id": "prop_d25cec669f94"}, "created_at": "2026-04-21T04:58:49.901104+00:00"}]', 'dashboard', 'f399b6f4-7e1e-415c-b35e-27b9ecccdb47') ON CONFLICT (id) DO NOTHING;

-- ── ui_builder_dashboards (4 rows) ─────────────────────────
INSERT INTO public.ui_builder_dashboards (id, project_id, name, description, layout_cols, row_height, created_at, updated_at) VALUES ('a62df743-0e05-4036-b2db-e6f9bcbef403', 'a1f963b7-57c7-440b-9ab5-6fc60d0b1b95', 'Dashboard', NULL, 12, 64, '2026-04-19 07:41:25.3371+00', '2026-04-19 07:41:25.3371+00') ON CONFLICT (id) DO NOTHING;
INSERT INTO public.ui_builder_dashboards (id, project_id, name, description, layout_cols, row_height, created_at, updated_at) VALUES ('e84d494c-6740-42cd-922c-45131e5e3938', 'f568fd27-adbe-479d-92fc-91e8f6b8521e', 'Dashboard', NULL, 12, 64, '2026-04-19 07:41:25.3371+00', '2026-04-19 07:41:25.3371+00') ON CONFLICT (id) DO NOTHING;
INSERT INTO public.ui_builder_dashboards (id, project_id, name, description, layout_cols, row_height, created_at, updated_at) VALUES ('a911b377-a2d0-4eda-9c68-ee961ded9adf', '35cbad53-43ee-4f1c-9bf0-48cc2630bcd7', 'Dashboard', NULL, 12, 64, '2026-04-19 07:41:25.3371+00', '2026-04-19 07:41:25.3371+00') ON CONFLICT (id) DO NOTHING;
INSERT INTO public.ui_builder_dashboards (id, project_id, name, description, layout_cols, row_height, created_at, updated_at) VALUES ('f399b6f4-7e1e-415c-b35e-27b9ecccdb47', '7a26c4a5-6ba4-4e84-84b1-cfe1b326a6b0', 'Dashboard', NULL, 12, 64, '2026-04-19 11:44:26.567649+00', '2026-04-19 11:44:26.567708+00') ON CONFLICT (id) DO NOTHING;

-- ── ui_builder_dashboard_widgets (13 rows) ─────────────────────────
INSERT INTO public.ui_builder_dashboard_widgets (id, dashboard_id, call_id, tool, component, props, source_message_id, source_call_id, grid_x, grid_y, grid_w, grid_h, created_at, updated_at, source, category) VALUES ('aca483f9-7f59-49d3-be65-0e4efd305798', 'f399b6f4-7e1e-415c-b35e-27b9ecccdb47', 'dash_aef025e71e47', 'stock', 'StockCard', '{"range": "5d", "change": 6.27, "series": [{"t": 0, "price": 148.0}, {"t": 1, "price": 149.98}, {"t": 2, "price": 151.53}, {"t": 3, "price": 152.42}, {"t": 4, "price": 152.49}, {"t": 5, "price": 151.76}, {"t": 6, "price": 150.36}, {"t": 7, "price": 148.55}, {"t": 8, "price": 146.65}, {"t": 9, "price": 145.02}, {"t": 10, "price": 143.94}, {"t": 11, "price": 143.62}, {"t": 12, "price": 144.12}, {"t": 13, "price": 145.36}, {"t": 14, "price": 147.15}, {"t": 15, "price": 149.2}, {"t": 16, "price": 151.18}, {"t": 17, "price": 152.81}, {"t": 18, "price": 153.87}, {"t": 19, "price": 154.27}], "symbol": "005930.KS", "current": 154.27, "change_pct": 4.24}', NULL, NULL, 6, 0, 6, 4, '2026-04-19 11:44:45.232495+00', '2026-04-21 06:11:17.282394+00', 'chat', NULL) ON CONFLICT (id) DO NOTHING;
INSERT INTO public.ui_builder_dashboard_widgets (id, dashboard_id, call_id, tool, component, props, source_message_id, source_call_id, grid_x, grid_y, grid_w, grid_h, created_at, updated_at, source, category) VALUES ('b409a64e-424d-41a9-ae29-e15a12819e33', 'f399b6f4-7e1e-415c-b35e-27b9ecccdb47', 'manual-1ea71e6ad77c43b5', 'horizontal_bar_chart', 'HorizontalBarChart', '{"sort": "desc", "color": "#4f46e5", "items": [{"label": "서울", "value": 320.0}, {"label": "경기", "value": 240.0}, {"label": "부산", "value": 180.0}, {"label": "대구", "value": 120.0}, {"label": "인천", "value": 90.0}], "title": "지역별 Top 5", "top_n": 5}', NULL, NULL, 0, 4, 12, 4, '2026-04-20 09:09:02.589474+00', '2026-04-21 04:19:27.275021+00', 'manual', 'chart') ON CONFLICT (id) DO NOTHING;
INSERT INTO public.ui_builder_dashboard_widgets (id, dashboard_id, call_id, tool, component, props, source_message_id, source_call_id, grid_x, grid_y, grid_w, grid_h, created_at, updated_at, source, category) VALUES ('41955a40-4c65-4548-b38a-448e7a4a7cb5', 'f399b6f4-7e1e-415c-b35e-27b9ecccdb47', 'manual-693d2e4612874b91', 'pie_chart', 'PieChart', '{"items": [{"color": null, "label": "Web", "value": 45.0}, {"color": null, "label": "App", "value": 30.0}, {"color": null, "label": "Store", "value": 15.0}, {"color": null, "label": "Others", "value": 10.0}], "title": "채널별 매출 비중", "show_labels": true, "show_legend": true}', NULL, NULL, 0, 11, 12, 4, '2026-04-20 09:22:27.862339+00', '2026-04-21 11:43:22.884899+00', 'manual', 'chart') ON CONFLICT (id) DO NOTHING;
INSERT INTO public.ui_builder_dashboard_widgets (id, dashboard_id, call_id, tool, component, props, source_message_id, source_call_id, grid_x, grid_y, grid_w, grid_h, created_at, updated_at, source, category) VALUES ('070baccf-ffc4-496a-8f57-caa4e3560c7d', 'f399b6f4-7e1e-415c-b35e-27b9ecccdb47', 'dash_85eed6c7c9fb', 'stock', 'StockCard', '{"range": "1y", "change": 22.64, "series": [{"t": 0, "price": 138.0}, {"t": 1, "price": 139.98}, {"t": 2, "price": 141.53}, {"t": 3, "price": 142.42}, {"t": 4, "price": 142.49}, {"t": 5, "price": 141.76}, {"t": 6, "price": 140.36}, {"t": 7, "price": 138.55}, {"t": 8, "price": 136.65}, {"t": 9, "price": 135.02}, {"t": 10, "price": 133.94}, {"t": 11, "price": 133.62}, {"t": 12, "price": 134.12}, {"t": 13, "price": 135.36}, {"t": 14, "price": 137.15}, {"t": 15, "price": 139.2}, {"t": 16, "price": 141.18}, {"t": 17, "price": 142.81}, {"t": 18, "price": 143.87}, {"t": 19, "price": 144.27}, {"t": 20, "price": 144.06}, {"t": 21, "price": 143.41}, {"t": 22, "price": 142.56}, {"t": 23, "price": 141.82}, {"t": 24, "price": 141.47}, {"t": 25, "price": 141.71}, {"t": 26, "price": 142.62}, {"t": 27, "price": 144.15}, {"t": 28, "price": 146.14}, {"t": 29, "price": 148.3}, {"t": 30, "price": 150.32}, {"t": 31, "price": 151.89}, {"t": 32, "price": 152.76}, {"t": 33, "price": 152.81}, {"t": 34, "price": 152.05}, {"t": 35, "price": 150.62}, {"t": 36, "price": 148.81}, {"t": 37, "price": 146.92}, {"t": 38, "price": 145.32}, {"t": 39, "price": 144.28}, {"t": 40, "price": 144.0}, {"t": 41, "price": 144.52}, {"t": 42, "price": 145.77}, {"t": 43, "price": 147.53}, {"t": 44, "price": 149.51}, {"t": 45, "price": 151.4}, {"t": 46, "price": 152.91}, {"t": 47, "price": 153.85}, {"t": 48, "price": 154.14}, {"t": 49, "price": 153.84}, {"t": 50, "price": 153.12}, {"t": 51, "price": 152.26}, {"t": 52, "price": 151.55}, {"t": 53, "price": 151.27}, {"t": 54, "price": 151.6}, {"t": 55, "price": 152.62}, {"t": 56, "price": 154.26}, {"t": 57, "price": 156.34}, {"t": 58, "price": 158.57}, {"t": 59, "price": 160.64}], "symbol": "AAPL", "current": 160.64, "change_pct": 16.41}', NULL, NULL, 0, 0, 6, 4, '2026-04-19 12:50:40.318838+00', '2026-04-21 11:44:10.571065+00', 'chat', NULL) ON CONFLICT (id) DO NOTHING;
INSERT INTO public.ui_builder_dashboard_widgets (id, dashboard_id, call_id, tool, component, props, source_message_id, source_call_id, grid_x, grid_y, grid_w, grid_h, created_at, updated_at, source, category) VALUES ('11464fd6-427b-405a-97ea-42b7d25f2a88', 'f399b6f4-7e1e-415c-b35e-27b9ecccdb47', 'manual-2d9b2896f25d4c53', 'line_chart', 'LineChart', '{"title": "월별 매출 추세", "series": [{"data": [{"x": "1월", "y": 120}, {"x": "2월", "y": 150}, {"x": "3월", "y": 170}, {"x": "4월", "y": 140}, {"x": "5월", "y": 190}, {"x": "6월", "y": 210}], "name": "A"}, {"data": [{"x": "1월", "y": 80}, {"x": "2월", "y": 110}, {"x": "3월", "y": 130}, {"x": "4월", "y": 150}, {"x": "5월", "y": 160}, {"x": "6월", "y": 180}], "name": "B"}], "smooth": false, "x_label": "월", "y_label": "매출", "show_legend": true}', NULL, NULL, 0, 15, 6, 4, '2026-04-21 02:00:33.282324+00', '2026-04-21 11:43:22.875228+00', 'manual', 'chart') ON CONFLICT (id) DO NOTHING;
INSERT INTO public.ui_builder_dashboard_widgets (id, dashboard_id, call_id, tool, component, props, source_message_id, source_call_id, grid_x, grid_y, grid_w, grid_h, created_at, updated_at, source, category) VALUES ('812f1df3-858c-42ea-97f3-8887cf0f0aec', 'f399b6f4-7e1e-415c-b35e-27b9ecccdb47', 'manual-4ef2ea970e11416e', 'description_text', 'DescriptionText', '{"markdown": "이 섹션은 **매출 추이** 를 보여줍니다.", "max_lines": null}', NULL, NULL, 0, 19, 6, 2, '2026-04-21 02:38:02.021713+00', '2026-04-21 11:43:22.8849+00', 'pin-drag', NULL) ON CONFLICT (id) DO NOTHING;
INSERT INTO public.ui_builder_dashboard_widgets (id, dashboard_id, call_id, tool, component, props, source_message_id, source_call_id, grid_x, grid_y, grid_w, grid_h, created_at, updated_at, source, category) VALUES ('96ef07eb-daad-4d37-9036-811b9fb73853', 'f399b6f4-7e1e-415c-b35e-27b9ecccdb47', 'dash_0cae18f05fed', 'weather', 'WeatherCard', '{"unit": "celsius", "humidity": 50, "location": "경기도 수지 동천동", "wind_kph": 10, "condition": "clear", "temperature": 20}', NULL, NULL, 0, 21, 3, 2, '2026-04-21 04:19:22.113905+00', '2026-04-21 11:43:22.884901+00', 'pin-drag', NULL) ON CONFLICT (id) DO NOTHING;
INSERT INTO public.ui_builder_dashboard_widgets (id, dashboard_id, call_id, tool, component, props, source_message_id, source_call_id, grid_x, grid_y, grid_w, grid_h, created_at, updated_at, source, category) VALUES ('b160ce76-3cec-4e7a-a6fe-de503dffa764', 'f399b6f4-7e1e-415c-b35e-27b9ecccdb47', 'manual-eeb02f552c424010', 'kpi_card', 'KpiCard', '{"icon": null, "unit": "원", "delta": 12.3, "label": "매출", "trend": "up", "value": 128000000, "sparkline": [5.0, 7.0, 6.0, 9.0, 12.0, 11.0, 14.0], "delta_type": "pct"}', NULL, NULL, 6, 15, 6, 6, '2026-04-21 04:19:45.253421+00', '2026-04-21 11:43:22.884902+00', 'manual', 'kpi') ON CONFLICT (id) DO NOTHING;
INSERT INTO public.ui_builder_dashboard_widgets (id, dashboard_id, call_id, tool, component, props, source_message_id, source_call_id, grid_x, grid_y, grid_w, grid_h, created_at, updated_at, source, category) VALUES ('e8c1ac20-368c-4cfa-97f3-27e22de23661', 'f399b6f4-7e1e-415c-b35e-27b9ecccdb47', 'manual-4eb11fa6f05e433f', 'alert_banner', 'AlertBanner', '{"title": "안내", "message": "이 대시보드는 매일 00시에 갱신됩니다.", "variant": "info", "cta_href": null, "cta_label": null, "dismissible": false}', NULL, NULL, 0, 10, 12, 1, '2026-04-20 06:42:28.692323+00', '2026-04-21 11:43:22.884903+00', 'manual', 'feedback') ON CONFLICT (id) DO NOTHING;
INSERT INTO public.ui_builder_dashboard_widgets (id, dashboard_id, call_id, tool, component, props, source_message_id, source_call_id, grid_x, grid_y, grid_w, grid_h, created_at, updated_at, source, category) VALUES ('8b48e14e-4c1b-458c-9df0-be430cb8de9d', 'f399b6f4-7e1e-415c-b35e-27b9ecccdb47', 'manual-6002e921d0964d0f', 'horizontal_bar_chart', 'HorizontalBarChart', '{"sort": "desc", "color": "#4f46e5", "items": [{"label": "서울", "value": 320.0}, {"label": "경기", "value": 240.0}, {"label": "부산", "value": 180.0}, {"label": "대구", "value": 120.0}, {"label": "인천", "value": 90.0}], "title": "지역별 Top 5", "top_n": 5}', NULL, NULL, 0, 32, 12, 5, '2026-04-23 02:29:16.182346+00', '2026-04-23 02:29:28.303956+00', 'manual', 'chart') ON CONFLICT (id) DO NOTHING;
INSERT INTO public.ui_builder_dashboard_widgets (id, dashboard_id, call_id, tool, component, props, source_message_id, source_call_id, grid_x, grid_y, grid_w, grid_h, created_at, updated_at, source, category) VALUES ('1449b24b-42d7-4ade-bb91-fd1a8fbb76ed', 'f399b6f4-7e1e-415c-b35e-27b9ecccdb47', 'dash_95221e4f1a36', 'stock', 'StockCard', '{"range": "6mo", "change": 11.52, "series": [{"t": 0, "price": 100.62}, {"t": 1, "price": 102.6}, {"t": 2, "price": 104.16}, {"t": 3, "price": 105.04}, {"t": 4, "price": 105.12}, {"t": 5, "price": 104.38}, {"t": 6, "price": 102.98}, {"t": 7, "price": 101.17}, {"t": 8, "price": 99.28}, {"t": 9, "price": 97.64}, {"t": 10, "price": 96.57}, {"t": 11, "price": 96.25}, {"t": 12, "price": 96.74}, {"t": 13, "price": 97.99}, {"t": 14, "price": 99.78}, {"t": 15, "price": 101.82}, {"t": 16, "price": 103.81}, {"t": 17, "price": 105.43}, {"t": 18, "price": 106.49}, {"t": 19, "price": 106.9}, {"t": 20, "price": 106.69}, {"t": 21, "price": 106.03}, {"t": 22, "price": 105.19}, {"t": 23, "price": 104.45}, {"t": 24, "price": 104.1}, {"t": 25, "price": 104.33}, {"t": 26, "price": 105.24}, {"t": 27, "price": 106.78}, {"t": 28, "price": 108.76}, {"t": 29, "price": 110.93}, {"t": 30, "price": 112.95}, {"t": 31, "price": 114.52}, {"t": 32, "price": 115.39}, {"t": 33, "price": 115.44}, {"t": 34, "price": 114.67}, {"t": 35, "price": 113.25}, {"t": 36, "price": 111.43}, {"t": 37, "price": 109.55}, {"t": 38, "price": 107.94}, {"t": 39, "price": 106.91}, {"t": 40, "price": 106.62}, {"t": 41, "price": 107.15}, {"t": 42, "price": 108.4}, {"t": 43, "price": 110.16}, {"t": 44, "price": 112.14}], "symbol": "VMS", "current": 112.14, "change_pct": 11.45}', NULL, NULL, 0, 23, 12, 4, '2026-04-21 04:59:02.11958+00', '2026-04-21 11:43:22.875234+00', 'pin-drag', NULL) ON CONFLICT (id) DO NOTHING;
INSERT INTO public.ui_builder_dashboard_widgets (id, dashboard_id, call_id, tool, component, props, source_message_id, source_call_id, grid_x, grid_y, grid_w, grid_h, created_at, updated_at, source, category) VALUES ('1a7d711c-148c-4e25-9de6-a9f0f83677d5', 'f399b6f4-7e1e-415c-b35e-27b9ecccdb47', 'dash_b332b2d11bf4', 'weather', 'WeatherCard', '{"unit": "celsius", "humidity": 50, "location": "경기도 수지 동천동", "wind_kph": 10, "condition": "clear", "temperature": 20}', NULL, NULL, 0, 8, 12, 2, '2026-04-21 06:12:10.531715+00', '2026-04-21 11:43:22.883988+00', 'pin-drag', NULL) ON CONFLICT (id) DO NOTHING;
INSERT INTO public.ui_builder_dashboard_widgets (id, dashboard_id, call_id, tool, component, props, source_message_id, source_call_id, grid_x, grid_y, grid_w, grid_h, created_at, updated_at, source, category) VALUES ('35dd384d-24cc-4a1b-b725-3dc7bc97a637', 'f399b6f4-7e1e-415c-b35e-27b9ecccdb47', 'manual-6444d045442a4843', 'horizontal_bar_chart', 'HorizontalBarChart', '{"sort": "desc", "color": "#4f46e5", "items": [{"label": "서울", "value": 320.0}, {"label": "경기", "value": 240.0}, {"label": "부산", "value": 180.0}, {"label": "대구", "value": 120.0}, {"label": "인천", "value": 90.0}], "title": "지역별 Top 5", "top_n": 5}', NULL, NULL, 0, 27, 12, 5, '2026-04-21 09:53:51.755567+00', '2026-04-23 02:29:21.137728+00', 'manual', 'chart') ON CONFLICT (id) DO NOTHING;


COMMIT;
