-- Generated by monitoring/scripts/split_seed_dump.py
-- Platform baseline seeds (menu_items WHERE app_id IS NULL, all permission_groups,
-- grants for platform menus, system_notifications, system_settings).
-- Idempotent: ON CONFLICT DO NOTHING on all inserts.

SET client_encoding = 'UTF8';

BEGIN;

INSERT INTO public.menu_items (id, permission_key, label, icon, path, menu_type, iframe_url, iframe_fullscreen, open_in_new_tab, parent_key, sort_order, section, app_id, is_active, created_by, updated_by, created_at, updated_at) VALUES (2436, 'platform_group_observability', '감사 & 모니터링', 'Activity', '#platform_group_observability', 'menu_group', NULL, NULL, NULL, NULL, 1150, 'admin', NULL, true, NULL, 5, '2026-04-22 19:53:46.673797+00', '2026-04-24 02:38:39.400433+00') ON CONFLICT (id) DO NOTHING;
INSERT INTO public.menu_items (id, permission_key, label, icon, path, menu_type, iframe_url, iframe_fullscreen, open_in_new_tab, parent_key, sort_order, section, app_id, is_active, created_by, updated_by, created_at, updated_at) VALUES (14, 'organizations', '조직 관리', 'Building2', '/admin/organizations', 'built_in', NULL, NULL, false, 'platform_group_admin', 710, 'admin', NULL, true, NULL, 5, '2026-04-12 05:15:10.776933+00', '2026-04-24 02:38:39.400433+00') ON CONFLICT (id) DO NOTHING;
INSERT INTO public.menu_items (id, permission_key, label, icon, path, menu_type, iframe_url, iframe_fullscreen, open_in_new_tab, parent_key, sort_order, section, app_id, is_active, created_by, updated_by, created_at, updated_at) VALUES (8, 'users', '사용자 관리', 'Users', '/users', 'built_in', NULL, NULL, false, 'platform_group_admin', 720, 'admin', NULL, true, NULL, 5, '2026-04-12 05:15:09.928839+00', '2026-04-24 02:38:39.400433+00') ON CONFLICT (id) DO NOTHING;
INSERT INTO public.menu_items (id, permission_key, label, icon, path, menu_type, iframe_url, iframe_fullscreen, open_in_new_tab, parent_key, sort_order, section, app_id, is_active, created_by, updated_by, created_at, updated_at) VALUES (6, 'settings', '설정', 'Settings', '/settings', 'built_in', NULL, NULL, false, NULL, 910, 'basic', NULL, true, NULL, 5, '2026-04-12 05:15:09.928839+00', '2026-04-22 19:57:51.751184+00') ON CONFLICT (id) DO NOTHING;
INSERT INTO public.menu_items (id, permission_key, label, icon, path, menu_type, iframe_url, iframe_fullscreen, open_in_new_tab, parent_key, sort_order, section, app_id, is_active, created_by, updated_by, created_at, updated_at) VALUES (13, 'permission_groups', '권한 그룹', 'UserCog', '/admin/permission-groups', 'built_in', NULL, NULL, false, 'platform_group_admin', 730, 'admin', NULL, true, NULL, 5, '2026-04-12 05:15:10.776933+00', '2026-04-24 02:38:39.400433+00') ON CONFLICT (id) DO NOTHING;
INSERT INTO public.menu_items (id, permission_key, label, icon, path, menu_type, iframe_url, iframe_fullscreen, open_in_new_tab, parent_key, sort_order, section, app_id, is_active, created_by, updated_by, created_at, updated_at) VALUES (12, 'permission_management', '권한 관리', 'Shield', '/admin/permissions', 'built_in', NULL, NULL, false, 'platform_group_admin', 740, 'admin', NULL, true, NULL, 5, '2026-04-12 05:15:09.928839+00', '2026-04-24 02:38:39.400433+00') ON CONFLICT (id) DO NOTHING;
INSERT INTO public.menu_items (id, permission_key, label, icon, path, menu_type, iframe_url, iframe_fullscreen, open_in_new_tab, parent_key, sort_order, section, app_id, is_active, created_by, updated_by, created_at, updated_at) VALUES (11, 'menu_management', '메뉴 관리', 'ListTree', '/admin/menus', 'built_in', NULL, NULL, false, 'platform_group_admin', 750, 'admin', NULL, true, NULL, 5, '2026-04-12 05:15:09.928839+00', '2026-04-24 02:38:39.400433+00') ON CONFLICT (id) DO NOTHING;
INSERT INTO public.menu_items (id, permission_key, label, icon, path, menu_type, iframe_url, iframe_fullscreen, open_in_new_tab, parent_key, sort_order, section, app_id, is_active, created_by, updated_by, created_at, updated_at) VALUES (9, 'audit_logs', '감사 로그', 'FileText', '/audit-logs', 'built_in', NULL, NULL, false, 'platform_group_observability', 1160, 'admin', NULL, true, NULL, 5, '2026-04-12 05:15:09.928839+00', '2026-04-24 02:38:39.400433+00') ON CONFLICT (id) DO NOTHING;
INSERT INTO public.menu_items (id, permission_key, label, icon, path, menu_type, iframe_url, iframe_fullscreen, open_in_new_tab, parent_key, sort_order, section, app_id, is_active, created_by, updated_by, created_at, updated_at) VALUES (10, 'monitoring', '모니터링', 'Activity', '/monitoring', 'built_in', NULL, NULL, false, 'platform_group_observability', 1170, 'admin', NULL, true, NULL, 5, '2026-04-12 05:15:09.928839+00', '2026-04-24 02:38:39.400433+00') ON CONFLICT (id) DO NOTHING;
INSERT INTO public.menu_items (id, permission_key, label, icon, path, menu_type, iframe_url, iframe_fullscreen, open_in_new_tab, parent_key, sort_order, section, app_id, is_active, created_by, updated_by, created_at, updated_at) VALUES (2435, 'platform_group_admin', '관리자 콘솔', 'ShieldCheck', '#platform_group_admin', 'menu_group', NULL, NULL, NULL, NULL, 700, 'admin', NULL, true, NULL, 5, '2026-04-22 19:53:46.673797+00', '2026-04-24 02:38:39.400433+00') ON CONFLICT (id) DO NOTHING;
INSERT INTO public.notifications (id, title, message, severity, category, scope, app_id, target_role, target_user_id, source, link, metadata, is_active, is_system, delivery_type, expires_at, created_by, created_at) VALUES (1, '비밀번호 변경 권장', '90일 이상 비밀번호를 변경하지 않은 사용자에게 자동 발송됩니다.', 'warning', 'user', 'user', NULL, NULL, NULL, 'system', NULL, NULL, true, true, 'toast', NULL, NULL, '2026-04-12 05:15:11.94244+00') ON CONFLICT (id) DO NOTHING;
INSERT INTO public.notifications (id, title, message, severity, category, scope, app_id, target_role, target_user_id, source, link, metadata, is_active, is_system, delivery_type, expires_at, created_by, created_at) VALUES (2, '새 사용자 가입 알림', '새로운 사용자가 가입하면 관리자에게 자동 발송됩니다.', 'info', 'user', 'role', NULL, NULL, NULL, 'system', NULL, NULL, true, true, 'toast', NULL, NULL, '2026-04-12 05:15:11.94244+00') ON CONFLICT (id) DO NOTHING;
INSERT INTO public.notifications (id, title, message, severity, category, scope, app_id, target_role, target_user_id, source, link, metadata, is_active, is_system, delivery_type, expires_at, created_by, created_at) VALUES (3, '시스템 헬스 경고', 'DB, Redis 등 인프라 서비스 연결 이상 시 관리자에게 자동 발송됩니다.', 'critical', 'service', 'role', NULL, NULL, NULL, 'system', NULL, NULL, true, true, 'toast', NULL, NULL, '2026-04-12 05:15:11.94244+00') ON CONFLICT (id) DO NOTHING;
INSERT INTO public.notifications (id, title, message, severity, category, scope, app_id, target_role, target_user_id, source, link, metadata, is_active, is_system, delivery_type, expires_at, created_by, created_at) VALUES (4, '세션 만료 경고', '사용자 세션이 곧 만료될 때 해당 사용자에게 자동 발송됩니다.', 'warning', 'session', 'user', NULL, NULL, NULL, 'system', NULL, NULL, true, true, 'toast', NULL, NULL, '2026-04-12 05:15:11.94244+00') ON CONFLICT (id) DO NOTHING;
INSERT INTO public.notifications (id, title, message, severity, category, scope, app_id, target_role, target_user_id, source, link, metadata, is_active, is_system, delivery_type, expires_at, created_by, created_at) VALUES (5, '시스템 점검 공지', '시스템 점검 예정 시 전체 사용자에게 발송됩니다.', 'info', 'system', 'global', NULL, NULL, NULL, 'system', NULL, NULL, true, true, 'toast', NULL, NULL, '2026-04-12 05:15:11.94244+00') ON CONFLICT (id) DO NOTHING;
INSERT INTO public.notifications (id, title, message, severity, category, scope, app_id, target_role, target_user_id, source, link, metadata, is_active, is_system, delivery_type, expires_at, created_by, created_at) VALUES (6, '보안 경고', '비정상 로그인 시도 등 보안 이벤트 발생 시 관리자에게 발송됩니다.', 'error', 'system', 'role', NULL, NULL, NULL, 'system', NULL, NULL, true, true, 'toast', NULL, NULL, '2026-04-12 05:15:11.94244+00') ON CONFLICT (id) DO NOTHING;
INSERT INTO public.permission_groups (id, name, description, is_default, is_active, app_id, created_by, created_at, updated_at) VALUES (4, '사용자정의그룹-1', '테스트 그룹 1', false, true, NULL, 5, '2026-04-09 13:34:45.213807+00', '2026-04-09 16:29:27.679438+00') ON CONFLICT (id) DO NOTHING;
INSERT INTO public.permission_groups (id, name, description, is_default, is_active, app_id, created_by, created_at, updated_at) VALUES (5, '사용자정의그룹-2', '테스트 그룹 2', false, true, NULL, 5, '2026-04-09 15:12:55.630528+00', '2026-04-09 15:12:55.630535+00') ON CONFLICT (id) DO NOTHING;
INSERT INTO public.permission_groups (id, name, description, is_default, is_active, app_id, created_by, created_at, updated_at) VALUES (13, '데모그룹-운영', '운영 부서 전용 — 기본 메뉴 write + 관리 메뉴 일부 read', false, true, NULL, 5, '2026-04-12 09:02:25.929091+00', '2026-04-12 09:02:25.929091+00') ON CONFLICT (id) DO NOTHING;
INSERT INTO public.permission_groups (id, name, description, is_default, is_active, app_id, created_by, created_at, updated_at) VALUES (14, '데모그룹-뷰어', '외부 조직용 — 대시보드 + 도움말 read only', false, true, NULL, 5, '2026-04-12 09:02:25.929091+00', '2026-04-12 09:02:25.929091+00') ON CONFLICT (id) DO NOTHING;
INSERT INTO public.permission_groups (id, name, description, is_default, is_active, app_id, created_by, created_at, updated_at) VALUES (1, '시스템 관리자', '모든 메뉴에 대한 write 권한 (system_admin)', true, true, NULL, NULL, '2026-04-12 05:15:10.559883+00', '2026-04-24 02:38:35.794894+00') ON CONFLICT (id) DO NOTHING;
INSERT INTO public.permission_groups (id, name, description, is_default, is_active, app_id, created_by, created_at, updated_at) VALUES (2, '조직 관리자', '기본 메뉴 write + 관리 메뉴 read 권한 (org_admin)', true, true, NULL, NULL, '2026-04-12 05:15:10.559883+00', '2026-04-24 02:38:35.794894+00') ON CONFLICT (id) DO NOTHING;
INSERT INTO public.permission_groups (id, name, description, is_default, is_active, app_id, created_by, created_at, updated_at) VALUES (3, '일반 사용자', '기본 메뉴 read 전용 권한 (user)', true, true, NULL, NULL, '2026-04-12 05:15:10.559883+00', '2026-04-24 02:38:35.794894+00') ON CONFLICT (id) DO NOTHING;
INSERT INTO public.permission_group_grants (id, permission_group_id, menu_item_id, access_level) VALUES (31, 1, 6, 'write') ON CONFLICT (id) DO NOTHING;
INSERT INTO public.permission_group_grants (id, permission_group_id, menu_item_id, access_level) VALUES (34, 1, 8, 'write') ON CONFLICT (id) DO NOTHING;
INSERT INTO public.permission_group_grants (id, permission_group_id, menu_item_id, access_level) VALUES (35, 1, 9, 'write') ON CONFLICT (id) DO NOTHING;
INSERT INTO public.permission_group_grants (id, permission_group_id, menu_item_id, access_level) VALUES (36, 1, 10, 'write') ON CONFLICT (id) DO NOTHING;
INSERT INTO public.permission_group_grants (id, permission_group_id, menu_item_id, access_level) VALUES (37, 1, 11, 'write') ON CONFLICT (id) DO NOTHING;
INSERT INTO public.permission_group_grants (id, permission_group_id, menu_item_id, access_level) VALUES (38, 1, 12, 'write') ON CONFLICT (id) DO NOTHING;
INSERT INTO public.permission_group_grants (id, permission_group_id, menu_item_id, access_level) VALUES (39, 1, 13, 'write') ON CONFLICT (id) DO NOTHING;
INSERT INTO public.permission_group_grants (id, permission_group_id, menu_item_id, access_level) VALUES (40, 1, 14, 'write') ON CONFLICT (id) DO NOTHING;
INSERT INTO public.permission_group_grants (id, permission_group_id, menu_item_id, access_level) VALUES (46, 2, 6, 'write') ON CONFLICT (id) DO NOTHING;
INSERT INTO public.permission_group_grants (id, permission_group_id, menu_item_id, access_level) VALUES (49, 2, 8, 'read') ON CONFLICT (id) DO NOTHING;
INSERT INTO public.permission_group_grants (id, permission_group_id, menu_item_id, access_level) VALUES (50, 2, 9, 'read') ON CONFLICT (id) DO NOTHING;
INSERT INTO public.permission_group_grants (id, permission_group_id, menu_item_id, access_level) VALUES (51, 2, 10, 'read') ON CONFLICT (id) DO NOTHING;
INSERT INTO public.permission_group_grants (id, permission_group_id, menu_item_id, access_level) VALUES (52, 2, 11, 'read') ON CONFLICT (id) DO NOTHING;
INSERT INTO public.permission_group_grants (id, permission_group_id, menu_item_id, access_level) VALUES (53, 2, 12, 'read') ON CONFLICT (id) DO NOTHING;
INSERT INTO public.permission_group_grants (id, permission_group_id, menu_item_id, access_level) VALUES (54, 2, 13, 'read') ON CONFLICT (id) DO NOTHING;
INSERT INTO public.permission_group_grants (id, permission_group_id, menu_item_id, access_level) VALUES (55, 2, 14, 'read') ON CONFLICT (id) DO NOTHING;
INSERT INTO public.permission_group_grants (id, permission_group_id, menu_item_id, access_level) VALUES (61, 3, 6, 'read') ON CONFLICT (id) DO NOTHING;
INSERT INTO public.permission_group_grants (id, permission_group_id, menu_item_id, access_level) VALUES (68, 4, 6, 'read') ON CONFLICT (id) DO NOTHING;
INSERT INTO public.permission_group_grants (id, permission_group_id, menu_item_id, access_level) VALUES (139, 13, 6, 'write') ON CONFLICT (id) DO NOTHING;
INSERT INTO public.permission_group_grants (id, permission_group_id, menu_item_id, access_level) VALUES (141, 13, 8, 'read') ON CONFLICT (id) DO NOTHING;
INSERT INTO public.permission_group_grants (id, permission_group_id, menu_item_id, access_level) VALUES (142, 13, 14, 'read') ON CONFLICT (id) DO NOTHING;
INSERT INTO public.permission_group_grants (id, permission_group_id, menu_item_id, access_level) VALUES (143, 13, 10, 'read') ON CONFLICT (id) DO NOTHING;
INSERT INTO public.system_settings (id, manual_enabled, manual_url, support_email, support_url, default_start_page, app_title, app_description, app_logo_url, app_id) VALUES (1, true, 'http://127.0.0.1:3000/docs', NULL, NULL, '/', NULL, NULL, NULL, NULL) ON CONFLICT (id) DO NOTHING;
INSERT INTO public.system_settings (id, manual_enabled, manual_url, support_email, support_url, default_start_page, app_title, app_description, app_logo_url, app_id) VALUES (2, true, 'http://192.168.1.216:3000', NULL, NULL, '/', 'channel-bridge', 'Slack ↔ Teams 메시지 브리지', NULL, 'v-channel-bridge') ON CONFLICT (id) DO NOTHING;
INSERT INTO public.system_settings (id, manual_enabled, manual_url, support_email, support_url, default_start_page, app_title, app_description, app_logo_url, app_id) VALUES (4, true, 'http://192.168.1.216:3000', NULL, NULL, '/', 'v-platform-template', '플랫폼 템플릿 앱', NULL, 'v-platform-template') ON CONFLICT (id) DO NOTHING;
INSERT INTO public.system_settings (id, manual_enabled, manual_url, support_email, support_url, default_start_page, app_title, app_description, app_logo_url, app_id) VALUES (5, true, 'http://192.168.1.216:3000/docs', NULL, NULL, '/', 'AI UI Builder', 'AI 기반의 UI Builder 서비스', NULL, 'v-ui-builder') ON CONFLICT (id) DO NOTHING;
INSERT INTO public.system_settings (id, manual_enabled, manual_url, support_email, support_url, default_start_page, app_title, app_description, app_logo_url, app_id) VALUES (6, true, 'http://192.168.1.216:3000/docs', NULL, NULL, '/', 'ITSM', 'ITSM(IT Service Management)', NULL, 'v-itsm') ON CONFLICT (id) DO NOTHING;
INSERT INTO public.system_settings (id, manual_enabled, manual_url, support_email, support_url, default_start_page, app_title, app_description, app_logo_url, app_id) VALUES (3, true, 'http://192.168.1.216:3000', NULL, NULL, '/', 'Portal', '통합 관리 플랫폼', NULL, 'v-platform-portal') ON CONFLICT (id) DO NOTHING;

SELECT setval('public.menu_items_id_seq', (SELECT COALESCE(MAX(id), 0) + 1 FROM public.menu_items), false);
SELECT setval('public.permission_groups_id_seq', (SELECT COALESCE(MAX(id), 0) + 1 FROM public.permission_groups), false);
SELECT setval('public.permission_group_grants_id_seq', (SELECT COALESCE(MAX(id), 0) + 1 FROM public.permission_group_grants), false);
SELECT setval('public.notifications_id_seq', (SELECT COALESCE(MAX(id), 0) + 1 FROM public.notifications), false);
SELECT setval('public.system_settings_id_seq', (SELECT COALESCE(MAX(id), 0) + 1 FROM public.system_settings), false);

COMMIT;
