-- Generated by monitoring/scripts/dump_demo_data.py
-- platform demo seed — snapshot of live DB business data.
-- Env-gated: only applied when SEED_DEMO_DATA=1 at migration time.
-- Idempotent: ON CONFLICT DO NOTHING on all inserts.
-- FK safety: tables are emitted in parent→child order so ON CONFLICT skips
-- are safe even when partial imports are re-run.

SET client_encoding = 'UTF8';

BEGIN;

-- ── companies (1 rows) ─────────────────────────
INSERT INTO public.companies (id, name, code, is_active, created_at, updated_at) VALUES (1, 'VMS', 'VMS-KR', true, '2026-04-09 12:46:54.163949+00', '2026-04-09 12:46:54.163955+00') ON CONFLICT (id) DO NOTHING;

-- ── departments (12 rows) ─────────────────────────
INSERT INTO public.departments (id, company_id, name, code, parent_id, sort_order, is_active, created_at, updated_at) VALUES (4, 1, '대표이사', NULL, NULL, 0, true, '2026-04-09 15:35:15.412753+00', '2026-04-10 07:59:27.397539+00') ON CONFLICT (id) DO NOTHING;
INSERT INTO public.departments (id, company_id, name, code, parent_id, sort_order, is_active, created_at, updated_at) VALUES (7, 1, '경영지원실', NULL, NULL, 20, true, '2026-04-10 07:58:49.865689+00', '2026-04-10 08:00:43.856238+00') ON CONFLICT (id) DO NOTHING;
INSERT INTO public.departments (id, company_id, name, code, parent_id, sort_order, is_active, created_at, updated_at) VALUES (9, 1, '외부조직', NULL, NULL, 60, true, '2026-04-10 08:00:11.742619+00', '2026-04-10 08:00:43.872128+00') ON CONFLICT (id) DO NOTHING;
INSERT INTO public.departments (id, company_id, name, code, parent_id, sort_order, is_active, created_at, updated_at) VALUES (6, 1, '전략사업부', NULL, NULL, 10, true, '2026-04-10 07:57:34.996974+00', '2026-04-10 08:00:43.881898+00') ON CONFLICT (id) DO NOTHING;
INSERT INTO public.departments (id, company_id, name, code, parent_id, sort_order, is_active, created_at, updated_at) VALUES (8, 1, '기획영업본부', NULL, NULL, 50, true, '2026-04-10 07:59:02.993224+00', '2026-04-10 08:00:43.895643+00') ON CONFLICT (id) DO NOTHING;
INSERT INTO public.departments (id, company_id, name, code, parent_id, sort_order, is_active, created_at, updated_at) VALUES (1, 1, '솔루션사업본부', NULL, NULL, 40, true, '2026-04-09 12:47:30.389505+00', '2026-04-10 08:00:43.907304+00') ON CONFLICT (id) DO NOTHING;
INSERT INTO public.departments (id, company_id, name, code, parent_id, sort_order, is_active, created_at, updated_at) VALUES (5, 1, '글로벌사업부', NULL, NULL, 30, true, '2026-04-10 07:57:16.334504+00', '2026-04-10 08:00:43.920822+00') ON CONFLICT (id) DO NOTHING;
INSERT INTO public.departments (id, company_id, name, code, parent_id, sort_order, is_active, created_at, updated_at) VALUES (2, 1, '제품사업그룹', NULL, 1, 0, true, '2026-04-09 12:47:47.310547+00', '2026-04-09 12:47:47.310556+00') ON CONFLICT (id) DO NOTHING;
INSERT INTO public.departments (id, company_id, name, code, parent_id, sort_order, is_active, created_at, updated_at) VALUES (3, 1, '제품팀', NULL, 2, 0, true, '2026-04-09 12:48:12.94347+00', '2026-04-09 13:13:12.915066+00') ON CONFLICT (id) DO NOTHING;
INSERT INTO public.departments (id, company_id, name, code, parent_id, sort_order, is_active, created_at, updated_at) VALUES (10, 1, '운영1그룹', NULL, 1, 0, true, '2026-04-10 08:01:05.281288+00', '2026-04-10 08:01:05.281294+00') ON CONFLICT (id) DO NOTHING;
INSERT INTO public.departments (id, company_id, name, code, parent_id, sort_order, is_active, created_at, updated_at) VALUES (11, 1, '운영2그룹', NULL, 1, 0, true, '2026-04-10 08:01:20.053684+00', '2026-04-10 08:01:20.053689+00') ON CONFLICT (id) DO NOTHING;
INSERT INTO public.departments (id, company_id, name, code, parent_id, sort_order, is_active, created_at, updated_at) VALUES (12, 1, '사업팀', NULL, 2, 0, true, '2026-04-10 13:33:15.811335+00', '2026-04-10 13:33:15.811341+00') ON CONFLICT (id) DO NOTHING;

-- ── users (9 rows) ─────────────────────────
INSERT INTO public.users (id, email, username, hashed_password, role, is_active, created_at, updated_at, last_login, sso_provider, sso_provider_id, auth_method, start_page, theme, color_preset, company_id, department_id, avatar_url) VALUES (7, 'yichunbong@hotmail.com', '이춘봉', '$2b$12$1OWWCAeKCEIdTcW.udWvN.8z5EmSOwxI/tc.jMluv88inGT0w17P.', 'USER', true, '2026-04-09 14:07:41.199295+00', '2026-04-10 15:03:34.567284+00', '2026-04-10 15:03:34.566088+00', NULL, NULL, 'local', '', 'system', 'blue', 1, 3, NULL) ON CONFLICT (id) DO NOTHING;
INSERT INTO public.users (id, email, username, hashed_password, role, is_active, created_at, updated_at, last_login, sso_provider, sso_provider_id, auth_method, start_page, theme, color_preset, company_id, department_id, avatar_url) VALUES (8, 'kbhee@vms-solutions.com', '김병희', '$2b$12$ZsnC9RLzkblS1KPyItodNe2oA01jRUPJpmlL.wN.Wu6oxfAUDTtje', 'USER', true, '2026-04-09 15:43:33.63936+00', '2026-04-09 15:43:33.639368+00', NULL, NULL, NULL, 'local', '', 'system', 'blue', 1, 4, NULL) ON CONFLICT (id) DO NOTHING;
INSERT INTO public.users (id, email, username, hashed_password, role, is_active, created_at, updated_at, last_login, sso_provider, sso_provider_id, auth_method, start_page, theme, color_preset, company_id, department_id, avatar_url) VALUES (9, 'chunggh@vms-solutions.com', '정구환', '$2b$12$g/NU4mGbvbR9E1lWVlthOednhNg/QifI6xxHkjAo/uHaaQxoiwtim', 'ORG_ADMIN', true, '2026-04-09 15:44:47.028659+00', '2026-04-09 15:44:47.028663+00', NULL, NULL, NULL, 'local', '', 'system', 'blue', 1, 1, NULL) ON CONFLICT (id) DO NOTHING;
INSERT INTO public.users (id, email, username, hashed_password, role, is_active, created_at, updated_at, last_login, sso_provider, sso_provider_id, auth_method, start_page, theme, color_preset, company_id, department_id, avatar_url) VALUES (17, 'orgadmin@demo.local', '데모관리자', '$2b$12$Yx3rWf0KNcsOD.rmRDwS1unxkuleZvRZ8Y3YU86/FE890R07aYTqW', 'ORG_ADMIN', true, '2026-04-12 09:02:25.929091+00', '2026-04-12 09:02:25.929091+00', NULL, NULL, NULL, 'local', '', 'system', 'blue', 1, 6, NULL) ON CONFLICT (id) DO NOTHING;
INSERT INTO public.users (id, email, username, hashed_password, role, is_active, created_at, updated_at, last_login, sso_provider, sso_provider_id, auth_method, start_page, theme, color_preset, company_id, department_id, avatar_url) VALUES (18, 'user1@demo.local', '김테스트', '$2b$12$Yx3rWf0KNcsOD.rmRDwS1unxkuleZvRZ8Y3YU86/FE890R07aYTqW', 'USER', true, '2026-04-12 09:02:25.929091+00', '2026-04-12 09:02:25.929091+00', NULL, NULL, NULL, 'local', '', 'system', 'blue', 1, 3, NULL) ON CONFLICT (id) DO NOTHING;
INSERT INTO public.users (id, email, username, hashed_password, role, is_active, created_at, updated_at, last_login, sso_provider, sso_provider_id, auth_method, start_page, theme, color_preset, company_id, department_id, avatar_url) VALUES (19, 'user2@demo.local', '이데모', '$2b$12$Yx3rWf0KNcsOD.rmRDwS1unxkuleZvRZ8Y3YU86/FE890R07aYTqW', 'USER', true, '2026-04-12 09:02:25.929091+00', '2026-04-12 09:02:25.929091+00', NULL, NULL, NULL, 'local', '', 'system', 'blue', 1, 10, NULL) ON CONFLICT (id) DO NOTHING;
INSERT INTO public.users (id, email, username, hashed_password, role, is_active, created_at, updated_at, last_login, sso_provider, sso_provider_id, auth_method, start_page, theme, color_preset, company_id, department_id, avatar_url) VALUES (20, 'user3@demo.local', '박샘플', '$2b$12$Yx3rWf0KNcsOD.rmRDwS1unxkuleZvRZ8Y3YU86/FE890R07aYTqW', 'USER', true, '2026-04-12 09:02:25.929091+00', '2026-04-12 09:02:25.929091+00', NULL, NULL, NULL, 'local', '', 'system', 'blue', 1, 7, NULL) ON CONFLICT (id) DO NOTHING;
INSERT INTO public.users (id, email, username, hashed_password, role, is_active, created_at, updated_at, last_login, sso_provider, sso_provider_id, auth_method, start_page, theme, color_preset, company_id, department_id, avatar_url) VALUES (6, 'bong78@vms-solutions.com', 'viktor', '$2b$12$x7kU2bmq5UqVhG5uoFf8ZuoXAkTotM7dVISmf8Q/jdokupg336Spu', 'ORG_ADMIN', true, '2026-04-08 09:02:23.448835+00', '2026-04-15 08:44:12.734222+00', '2026-04-15 08:44:12.694012+00', 'microsoft', 'fb9620e2-4a03-49f0-983a-8448780f8ebb', 'hybrid', '', 'system', 'rose', 1, 2, NULL) ON CONFLICT (id) DO NOTHING;
INSERT INTO public.users (id, email, username, hashed_password, role, is_active, created_at, updated_at, last_login, sso_provider, sso_provider_id, auth_method, start_page, theme, color_preset, company_id, department_id, avatar_url) VALUES (5, 'admin@example.com', 'admin', '$2b$12$/RDKJPGGyow0MSdTNSRqlOxs0o502wQz8VCe.wIII88QTsWZb9xw6', 'SYSTEM_ADMIN', true, '2026-03-30 04:44:30.60941+00', '2026-04-24 01:29:21.550639+00', '2026-04-24 01:29:21.401198+00', NULL, NULL, 'local', '', 'system', 'indigo', 1, NULL, '/api/uploads/avatars/fddf3f3489d347bfa1f8d2edcb509971') ON CONFLICT (id) DO NOTHING;

-- ── user_permissions (18 rows) ─────────────────────────
INSERT INTO public.user_permissions (id, user_id, menu_item_id, access_level, granted_by, created_at, updated_at) VALUES (2, 6, 2, 'write', 5, '2026-04-09 04:48:34.541323+00', '2026-04-09 04:48:34.541327+00') ON CONFLICT (id) DO NOTHING;
INSERT INTO public.user_permissions (id, user_id, menu_item_id, access_level, granted_by, created_at, updated_at) VALUES (3, 6, 3, 'write', 5, '2026-04-09 04:48:34.541323+00', '2026-04-09 04:48:34.541327+00') ON CONFLICT (id) DO NOTHING;
INSERT INTO public.user_permissions (id, user_id, menu_item_id, access_level, granted_by, created_at, updated_at) VALUES (4, 6, 5, 'write', 5, '2026-04-09 04:48:34.541323+00', '2026-04-09 04:48:34.541327+00') ON CONFLICT (id) DO NOTHING;
INSERT INTO public.user_permissions (id, user_id, menu_item_id, access_level, granted_by, created_at, updated_at) VALUES (5, 6, 6, 'write', 5, '2026-04-09 04:48:34.541323+00', '2026-04-09 04:48:34.541327+00') ON CONFLICT (id) DO NOTHING;
INSERT INTO public.user_permissions (id, user_id, menu_item_id, access_level, granted_by, created_at, updated_at) VALUES (7, 6, 4, 'write', 5, '2026-04-09 04:48:34.541323+00', '2026-04-09 04:48:34.541327+00') ON CONFLICT (id) DO NOTHING;
INSERT INTO public.user_permissions (id, user_id, menu_item_id, access_level, granted_by, created_at, updated_at) VALUES (8, 6, 8, 'write', 5, '2026-04-09 04:48:34.541323+00', '2026-04-09 04:48:34.541327+00') ON CONFLICT (id) DO NOTHING;
INSERT INTO public.user_permissions (id, user_id, menu_item_id, access_level, granted_by, created_at, updated_at) VALUES (9, 6, 9, 'write', 5, '2026-04-09 04:48:34.541323+00', '2026-04-09 04:48:34.541327+00') ON CONFLICT (id) DO NOTHING;
INSERT INTO public.user_permissions (id, user_id, menu_item_id, access_level, granted_by, created_at, updated_at) VALUES (10, 6, 10, 'write', 5, '2026-04-09 04:48:34.541323+00', '2026-04-09 04:48:34.541327+00') ON CONFLICT (id) DO NOTHING;
INSERT INTO public.user_permissions (id, user_id, menu_item_id, access_level, granted_by, created_at, updated_at) VALUES (11, 6, 11, 'write', 5, '2026-04-09 04:48:34.541323+00', '2026-04-09 04:48:34.541327+00') ON CONFLICT (id) DO NOTHING;
INSERT INTO public.user_permissions (id, user_id, menu_item_id, access_level, granted_by, created_at, updated_at) VALUES (12, 6, 12, 'write', 5, '2026-04-09 04:48:34.541323+00', '2026-04-09 04:48:34.541327+00') ON CONFLICT (id) DO NOTHING;
INSERT INTO public.user_permissions (id, user_id, menu_item_id, access_level, granted_by, created_at, updated_at) VALUES (13, 6, 13, 'write', 5, '2026-04-09 04:48:34.541323+00', '2026-04-09 04:48:34.541327+00') ON CONFLICT (id) DO NOTHING;
INSERT INTO public.user_permissions (id, user_id, menu_item_id, access_level, granted_by, created_at, updated_at) VALUES (14, 6, 14, 'write', 5, '2026-04-09 04:48:34.541323+00', '2026-04-09 04:48:34.541327+00') ON CONFLICT (id) DO NOTHING;
INSERT INTO public.user_permissions (id, user_id, menu_item_id, access_level, granted_by, created_at, updated_at) VALUES (16, 9, 14, 'write', 5, '2026-04-09 16:29:03.627248+00', '2026-04-09 16:29:03.627308+00') ON CONFLICT (id) DO NOTHING;
INSERT INTO public.user_permissions (id, user_id, menu_item_id, access_level, granted_by, created_at, updated_at) VALUES (17, 8, 6, 'write', 5, '2026-04-09 16:30:28.299757+00', '2026-04-09 16:30:28.299761+00') ON CONFLICT (id) DO NOTHING;
INSERT INTO public.user_permissions (id, user_id, menu_item_id, access_level, granted_by, created_at, updated_at) VALUES (18, 7, 6, 'write', 5, '2026-04-09 16:30:28.32683+00', '2026-04-09 16:30:28.326833+00') ON CONFLICT (id) DO NOTHING;
INSERT INTO public.user_permissions (id, user_id, menu_item_id, access_level, granted_by, created_at, updated_at) VALUES (25, 17, 8, 'write', 5, '2026-04-12 09:02:25.929091+00', '2026-04-12 09:02:25.929091+00') ON CONFLICT (id) DO NOTHING;
INSERT INTO public.user_permissions (id, user_id, menu_item_id, access_level, granted_by, created_at, updated_at) VALUES (26, 17, 14, 'write', 5, '2026-04-12 09:02:25.929091+00', '2026-04-12 09:02:25.929091+00') ON CONFLICT (id) DO NOTHING;
INSERT INTO public.user_permissions (id, user_id, menu_item_id, access_level, granted_by, created_at, updated_at) VALUES (27, 18, 6, 'write', 5, '2026-04-12 09:02:25.929091+00', '2026-04-12 09:02:25.929091+00') ON CONFLICT (id) DO NOTHING;

-- ── user_group_memberships (14 rows) ─────────────────────────
INSERT INTO public.user_group_memberships (id, user_id, permission_group_id, assigned_by, created_at) VALUES (1, 5, 1, NULL, '2026-04-09 14:33:39.976094+00') ON CONFLICT (id) DO NOTHING;
INSERT INTO public.user_group_memberships (id, user_id, permission_group_id, assigned_by, created_at) VALUES (2, 6, 2, 5, '2026-04-09 15:33:03.280934+00') ON CONFLICT (id) DO NOTHING;
INSERT INTO public.user_group_memberships (id, user_id, permission_group_id, assigned_by, created_at) VALUES (3, 6, 4, 5, '2026-04-09 15:33:03.28094+00') ON CONFLICT (id) DO NOTHING;
INSERT INTO public.user_group_memberships (id, user_id, permission_group_id, assigned_by, created_at) VALUES (4, 7, 3, NULL, '2026-04-09 14:33:39.976094+00') ON CONFLICT (id) DO NOTHING;
INSERT INTO public.user_group_memberships (id, user_id, permission_group_id, assigned_by, created_at) VALUES (5, 8, 4, 5, '2026-04-09 15:43:33.893391+00') ON CONFLICT (id) DO NOTHING;
INSERT INTO public.user_group_memberships (id, user_id, permission_group_id, assigned_by, created_at) VALUES (6, 8, 3, NULL, '2026-04-09 15:53:54.583669+00') ON CONFLICT (id) DO NOTHING;
INSERT INTO public.user_group_memberships (id, user_id, permission_group_id, assigned_by, created_at) VALUES (7, 9, 2, 5, '2026-04-09 15:44:47.059909+00') ON CONFLICT (id) DO NOTHING;
INSERT INTO public.user_group_memberships (id, user_id, permission_group_id, assigned_by, created_at) VALUES (35, 17, 2, NULL, '2026-04-12 09:02:25.929091+00') ON CONFLICT (id) DO NOTHING;
INSERT INTO public.user_group_memberships (id, user_id, permission_group_id, assigned_by, created_at) VALUES (36, 17, 13, NULL, '2026-04-12 09:02:25.929091+00') ON CONFLICT (id) DO NOTHING;
INSERT INTO public.user_group_memberships (id, user_id, permission_group_id, assigned_by, created_at) VALUES (37, 18, 3, NULL, '2026-04-12 09:02:25.929091+00') ON CONFLICT (id) DO NOTHING;
INSERT INTO public.user_group_memberships (id, user_id, permission_group_id, assigned_by, created_at) VALUES (38, 19, 3, NULL, '2026-04-12 09:02:25.929091+00') ON CONFLICT (id) DO NOTHING;
INSERT INTO public.user_group_memberships (id, user_id, permission_group_id, assigned_by, created_at) VALUES (39, 19, 13, NULL, '2026-04-12 09:02:25.929091+00') ON CONFLICT (id) DO NOTHING;
INSERT INTO public.user_group_memberships (id, user_id, permission_group_id, assigned_by, created_at) VALUES (40, 20, 14, NULL, '2026-04-12 09:02:25.929091+00') ON CONFLICT (id) DO NOTHING;
INSERT INTO public.user_group_memberships (id, user_id, permission_group_id, assigned_by, created_at) VALUES (49, 20, 3, NULL, '2026-04-12 10:10:53.523794+00') ON CONFLICT (id) DO NOTHING;

-- ── notifications (4 rows) ─────────────────────────
INSERT INTO public.notifications (id, title, message, severity, category, scope, app_id, target_role, target_user_id, source, link, metadata, is_active, is_system, delivery_type, expires_at, created_by, created_at) VALUES (7, '새알림 테스트 01', '
# 공지.....
새알림 테스트 중입니다.', 'info', 'system', 'app', 'v-platform-template', 'system_admin', NULL, 'admin', NULL, NULL, true, false, 'both', '2026-04-13 23:08:00+00', 5, '2026-04-12 13:59:32.703785+00') ON CONFLICT (id) DO NOTHING;
INSERT INTO public.notifications (id, title, message, severity, category, scope, app_id, target_role, target_user_id, source, link, metadata, is_active, is_system, delivery_type, expires_at, created_by, created_at) VALUES (8, '새 알림 테스트 02', '새 알림 테스트 02', 'info', 'system', 'app', 'v-platform-template', NULL, NULL, 'admin', NULL, NULL, true, false, 'both', '2026-04-13 23:09:00+00', 5, '2026-04-12 14:09:12.39478+00') ON CONFLICT (id) DO NOTHING;
INSERT INTO public.notifications (id, title, message, severity, category, scope, app_id, target_role, target_user_id, source, link, metadata, is_active, is_system, delivery_type, expires_at, created_by, created_at) VALUES (9, '새 알림 테스트 03', '새 알림 테스트 03
**새 알림 테스트 03**', 'info', 'system', 'app', 'v-platform-template', NULL, NULL, 'admin', NULL, NULL, true, false, 'toast', '2026-04-19 23:19:00+00', 5, '2026-04-12 14:19:31.007943+00') ON CONFLICT (id) DO NOTHING;
INSERT INTO public.notifications (id, title, message, severity, category, scope, app_id, target_role, target_user_id, source, link, metadata, is_active, is_system, delivery_type, expires_at, created_by, created_at) VALUES (10, '새 알림 테스트 04', '새 알림 테스트 04', 'info', 'system', 'app', 'v-platform-template', NULL, NULL, 'admin', NULL, NULL, true, false, 'both', '2026-04-14 23:33:00+00', 5, '2026-04-12 14:33:15.421273+00') ON CONFLICT (id) DO NOTHING;

-- ── notification_reads (3 rows) ─────────────────────────
INSERT INTO public.notification_reads (id, notification_id, user_id, read_at) VALUES (1, 7, 5, '2026-04-12 14:03:25.567069+00') ON CONFLICT (id) DO NOTHING;
INSERT INTO public.notification_reads (id, notification_id, user_id, read_at) VALUES (2, 10, 5, '2026-04-12 15:38:57.316827+00') ON CONFLICT (id) DO NOTHING;
INSERT INTO public.notification_reads (id, notification_id, user_id, read_at) VALUES (3, 8, 5, '2026-04-12 15:38:58.983274+00') ON CONFLICT (id) DO NOTHING;

-- ── sequence resets ──────────────────────────────────
SELECT setval('public.companies_id_seq', (SELECT COALESCE(MAX(id), 0) + 1 FROM public.companies), false);
SELECT setval('public.departments_id_seq', (SELECT COALESCE(MAX(id), 0) + 1 FROM public.departments), false);
SELECT setval('public.users_id_seq', (SELECT COALESCE(MAX(id), 0) + 1 FROM public.users), false);
SELECT setval('public.user_permissions_id_seq', (SELECT COALESCE(MAX(id), 0) + 1 FROM public.user_permissions), false);
SELECT setval('public.user_group_memberships_id_seq', (SELECT COALESCE(MAX(id), 0) + 1 FROM public.user_group_memberships), false);
SELECT setval('public.notifications_id_seq', (SELECT COALESCE(MAX(id), 0) + 1 FROM public.notifications), false);
SELECT setval('public.notification_reads_id_seq', (SELECT COALESCE(MAX(id), 0) + 1 FROM public.notification_reads), false);

COMMIT;
